Geo_FIPS,Geo_GEOID,Geo_NAME,Geo_QName,Geo_STUSAB,Geo_SUMLEV,Geo_GEOCOMP,Geo_FILEID,Geo_LOGRECNO,Geo_STATE,Geo_COUNTY,Geo_TRACT,Total Population:,Total Population: White Alone,Total Population: Black or African American Alone,Total Population: American Indian and Alaska Native Alone,Total Population: Asian Alone,Total Population: Native Hawaiian and Other Pacific Islander Alone,Total Population: Some Other Race Alone,Total Population: Two or More Races,Households:," Households: Less than $10,000","Households: $10,000 to $14,999"," Households: $15,000 to $19,999","Households: $20,000 to $24,999","Households: $25,000 to $29,999","Households: $30,000 to $34,999","Households: $35,000 to $39,999","Households: $40,000 to $44,999","Households: $45,000 to $49,999","Households: $50,000 to $59,999","Households: $60,000 to $74,999","Households: $75,000 to $99,999","Households: $100,000 to $124,999","Households: $125,000 to $149,999","Households: $150,000 to $199,999","Households: $200,000 or More"
6001400100,14000US06001400100,Census Tract 4001,"Census Tract 4001, Alameda County, California",ca,140,0,ACSSF,2700,6,1,400100,3120,2394,107,0,398,0,34,187,1293,10,7,43,22,14,50,0,0,26,55,25,103,68,64,96,710
6001400200,14000US06001400200,Census Tract 4002,"Census Tract 4002, Alameda County, California",ca,140,0,ACSSF,2701,6,1,400200,2007,1577,52,4,171,0,17,186,847,5,5,0,0,0,13,21,6,14,32,51,61,100,19,130,390
6001400300,14000US06001400300,Census Tract 4003,"Census Tract 4003, Alameda County, California",ca,140,0,ACSSF,2702,6,1,400300,5051,3748,459,0,590,23,134,97,2441,101,87,30,77,39,157,0,75,94,13,155,297,133,78,373,732
6001400400,14000US06001400400,Census Tract 4004,"Census Tract 4004, Alameda County, California",ca,140,0,ACSSF,2703,6,1,400400,4007,2748,291,44,420,0,199,305,1802,48,48,78,49,40,48,42,22,53,50,93,149,116,312,148,506
6001400500,14000US06001400500,Census Tract 4005,"Census Tract 4005, Alameda County, California",ca,140,0,ACSSF,2704,6,1,400500,4124,2036,882,0,446,22,110,628,1606,108,31,24,46,77,54,13,36,59,50,32,173,149,222,236,296
6001400600,14000US06001400600,Census Tract 4006,"Census Tract 4006, Alameda County, California",ca,140,0,ACSSF,2705,6,1,400600,1745,936,375,3,193,15,39,184,673,26,25,5,0,0,35,46,6,7,20,39,39,60,102,121,142
6001400700,14000US06001400700,Census Tract 4007,"Census Tract 4007, Alameda County, California",ca,140,0,ACSSF,2706,6,1,400700,5128,2183,1459,14,329,0,572,571,1951,47,55,101,63,92,95,44,59,66,142,125,272,202,177,188,223
6001400800,14000US06001400800,Census Tract 4008,"Census Tract 4008, Alameda County, California",ca,140,0,ACSSF,2707,6,1,400800,4069,1827,1007,29,618,0,204,384,1652,69,116,32,31,27,220,6,57,33,56,143,197,148,93,130,294
6001400900,14000US06001400900,Census Tract 4009,"Census Tract 4009, Alameda County, California",ca,140,0,ACSSF,2708,6,1,400900,2471,1238,711,61,101,0,207,153,1078,21,122,10,9,67,72,7,27,66,120,91,101,82,63,90,130
6001401000,14000US06001401000,Census Tract 4010,"Census Tract 4010, Alameda County, California",ca,140,0,ACSSF,2709,6,1,401000,6133,2503,1978,10,412,95,542,593,2470,161,168,121,43,111,87,16,131,0,21,208,403,383,231,193,193
6001401100,14000US06001401100,Census Tract 4011,"Census Tract 4011, Alameda County, California",ca,140,0,ACSSF,2710,6,1,401100,4287,2487,361,0,849,12,260,318,2071,66,37,138,38,110,31,28,39,112,95,152,374,279,132,126,314
6001401200,14000US06001401200,Census Tract 4012,"Census Tract 4012, Alameda County, California",ca,140,0,ACSSF,2711,6,1,401200,2619,1772,300,8,301,0,119,119,1230,21,45,15,26,67,20,14,38,45,95,77,157,120,109,166,215
6001401300,14000US06001401300,Census Tract 4013,"Census Tract 4013, Alameda County, California",ca,140,0,ACSSF,2712,6,1,401300,3921,1637,1149,34,663,0,136,302,1827,130,179,44,104,118,107,40,84,42,86,124,205,111,89,170,194
6001401400,14000US06001401400,Census Tract 4014,"Census Tract 4014, Alameda County, California",ca,140,0,ACSSF,2713,6,1,401400,4732,1510,1511,73,570,15,580,473,1598,137,116,59,151,121,102,27,54,59,81,50,215,165,59,36,166
6001401500,14000US06001401500,Census Tract 4015,"Census Tract 4015, Alameda County, California",ca,140,0,ACSSF,2714,6,1,401500,2839,1108,1065,12,129,24,272,229,1142,92,184,53,30,22,27,8,30,6,83,108,96,129,90,55,129
6001401600,14000US06001401600,Census Tract 4016,"Census Tract 4016, Alameda County, California",ca,140,0,ACSSF,2715,6,1,401600,2289,816,822,0,245,21,233,152,896,65,96,39,57,13,61,32,26,32,50,94,67,66,26,83,89
6001401700,14000US06001401700,Census Tract 4017,"Census Tract 4017, Alameda County, California",ca,140,0,ACSSF,2716,6,1,401700,3018,1430,514,0,367,17,414,276,1295,57,34,16,23,24,0,28,24,16,71,126,113,175,231,165,192
6001401800,14000US06001401800,Census Tract 4018,"Census Tract 4018, Alameda County, California",ca,140,0,ACSSF,2717,6,1,401800,1801,654,693,12,99,0,262,81,677,41,50,48,29,39,12,24,5,0,48,86,38,87,41,53,76
6001402200,14000US06001402200,Census Tract 4022,"Census Tract 4022, Alameda County, California",ca,140,0,ACSSF,2718,6,1,402200,2477,829,798,40,405,0,212,193,871,101,79,39,0,24,37,12,17,19,60,75,78,92,47,92,99
6001402400,14000US06001402400,Census Tract 4024,"Census Tract 4024, Alameda County, California",ca,140,0,ACSSF,2719,6,1,402400,2866,786,1453,1,362,10,78,176,1221,142,177,91,77,37,32,56,56,34,39,89,56,62,57,43,173
6001402500,14000US06001402500,Census Tract 4025,"Census Tract 4025, Alameda County, California",ca,140,0,ACSSF,2720,6,1,402500,1781,211,1065,0,237,0,113,155,734,134,78,90,49,16,64,66,7,18,75,25,47,14,21,19,11
6001402600,14000US06001402600,Census Tract 4026,"Census Tract 4026, Alameda County, California",ca,140,0,ACSSF,2721,6,1,402600,1243,288,322,6,481,0,59,87,631,87,133,43,44,37,15,13,33,18,64,24,26,15,31,37,11
6001402700,14000US06001402700,Census Tract 4027,"Census Tract 4027, Alameda County, California",ca,140,0,ACSSF,2722,6,1,402700,1890,540,811,12,205,0,261,61,693,57,40,26,0,41,19,20,29,12,43,51,76,67,53,76,83
6001402800,14000US06001402800,Census Tract 4028,"Census Tract 4028, Alameda County, California",ca,140,0,ACSSF,2723,6,1,402800,4480,1348,1706,26,832,0,126,442,2389,287,527,158,53,13,67,55,28,64,105,41,133,53,174,228,403
6001402900,14000US06001402900,Census Tract 4029,"Census Tract 4029, Alameda County, California",ca,140,0,ACSSF,2724,6,1,402900,1406,348,259,3,534,0,178,84,949,98,163,107,54,35,69,57,20,22,35,64,101,24,33,30,37
6001403000,14000US06001403000,Census Tract 4030,"Census Tract 4030, Alameda County, California",ca,140,0,ACSSF,2725,6,1,403000,2905,226,127,10,2366,72,43,61,1469,196,219,175,72,144,67,70,0,28,20,95,57,100,43,61,122
6001403100,14000US06001403100,Census Tract 4031,"Census Tract 4031, Alameda County, California",ca,140,0,ACSSF,2726,6,1,403100,2101,698,376,6,807,12,104,98,898,21,115,103,18,12,17,0,0,7,37,35,115,121,47,67,183
6001403300,14000US06001403300,Census Tract 4033,"Census Tract 4033, Alameda County, California",ca,140,0,ACSSF,2727,6,1,403300,4178,1250,312,121,2182,0,74,239,2143,102,288,140,109,19,71,153,0,24,148,65,200,129,157,188,350
6001403400,14000US06001403400,Census Tract 4034,"Census Tract 4034, Alameda County, California",ca,140,0,ACSSF,2728,6,1,403400,4340,1821,864,19,1128,35,206,267,2838,107,264,98,145,97,75,73,44,55,209,334,409,302,141,176,309
6001403501,14000US06001403501,Census Tract 4035.01,"Census Tract 4035.01, Alameda County, California",ca,140,0,ACSSF,2729,6,1,403501,4492,1879,1096,54,835,39,58,531,2655,122,245,217,268,174,39,64,33,60,300,185,175,134,206,265,168
6001403502,14000US06001403502,Census Tract 4035.02,"Census Tract 4035.02, Alameda County, California",ca,140,0,ACSSF,2730,6,1,403502,2044,963,530,0,254,0,76,221,1158,51,25,53,91,19,63,49,10,18,115,118,142,62,83,167,92
6001403600,14000US06001403600,Census Tract 4036,"Census Tract 4036, Alameda County, California",ca,140,0,ACSSF,2731,6,1,403600,5570,1916,2396,13,613,0,224,408,2643,165,81,18,51,98,163,58,26,169,191,186,507,365,162,169,234
6001403701,14000US06001403701,Census Tract 4037.01,"Census Tract 4037.01, Alameda County, California",ca,140,0,ACSSF,2732,6,1,403701,2968,1461,800,0,381,0,170,156,1738,76,78,17,160,45,25,103,26,29,81,186,214,242,188,170,98
6001403702,14000US06001403702,Census Tract 4037.02,"Census Tract 4037.02, Alameda County, California",ca,140,0,ACSSF,2733,6,1,403702,1930,1056,298,0,341,0,120,115,1102,55,45,0,11,26,42,70,23,0,18,72,206,71,129,198,136
6001403800,14000US06001403800,Census Tract 4038,"Census Tract 4038, Alameda County, California",ca,140,0,ACSSF,2734,6,1,403800,3351,2341,435,0,392,4,10,169,1814,92,10,0,70,35,31,77,33,45,105,83,310,157,173,172,421
6001403900,14000US06001403900,Census Tract 4039,"Census Tract 4039, Alameda County, California",ca,140,0,ACSSF,2735,6,1,403900,4051,2474,549,9,655,0,77,287,2059,35,143,25,31,79,48,74,15,82,61,146,369,282,165,299,205
6001404000,14000US06001404000,Census Tract 4040,"Census Tract 4040, Alameda County, California",ca,140,0,ACSSF,2736,6,1,404000,2895,1853,244,29,295,71,117,286,1638,80,46,7,16,43,89,21,58,67,80,199,280,223,123,166,140
6001404101,14000US06001404101,Census Tract 4041.01,"Census Tract 4041.01, Alameda County, California",ca,140,0,ACSSF,2737,6,1,404101,3017,2004,237,11,380,0,115,270,1660,89,37,17,25,46,72,49,16,26,62,176,232,165,115,252,281
6001404102,14000US06001404102,Census Tract 4041.02,"Census Tract 4041.02, Alameda County, California",ca,140,0,ACSSF,2738,6,1,404102,2653,1888,130,36,335,20,93,151,1657,133,93,124,92,40,46,40,0,29,72,135,175,185,117,91,285
6001404200,14000US06001404200,Census Tract 4042,"Census Tract 4042, Alameda County, California",ca,140,0,ACSSF,2739,6,1,404200,3877,2531,256,8,736,33,72,241,1286,39,9,16,6,0,16,9,7,33,29,60,81,54,154,100,673
6001404300,14000US06001404300,Census Tract 4043,"Census Tract 4043, Alameda County, California",ca,140,0,ACSSF,2740,6,1,404300,3443,2315,57,0,467,0,176,428,1284,19,18,19,0,9,27,10,0,36,37,71,46,75,26,189,702
6001404400,14000US06001404400,Census Tract 4044,"Census Tract 4044, Alameda County, California",ca,140,0,ACSSF,2741,6,1,404400,5628,4036,131,40,729,0,0,692,2315,75,26,53,116,71,24,25,42,21,32,65,154,181,180,240,1010
6001404501,14000US06001404501,Census Tract 4045.01,"Census Tract 4045.01, Alameda County, California",ca,140,0,ACSSF,2742,6,1,404501,1809,1317,122,0,209,9,18,134,659,3,5,4,0,8,0,0,4,0,26,23,46,49,51,89,351
6001404502,14000US06001404502,Census Tract 4045.02,"Census Tract 4045.02, Alameda County, California",ca,140,0,ACSSF,2743,6,1,404502,5891,4682,104,13,624,0,74,394,2483,17,46,0,32,17,27,33,60,58,35,85,230,187,133,494,1029
6001404600,14000US06001404600,Census Tract 4046,"Census Tract 4046, Alameda County, California",ca,140,0,ACSSF,2744,6,1,404600,4625,3354,178,8,641,106,95,243,1783,9,0,0,30,0,9,70,25,33,47,64,142,129,161,331,733
6001404700,14000US06001404700,Census Tract 4047,"Census Tract 4047, Alameda County, California",ca,140,0,ACSSF,2745,6,1,404700,2137,1616,128,0,286,9,27,71,805,15,11,0,6,0,0,12,7,18,23,38,24,58,57,166,370
6001404800,14000US06001404800,Census Tract 4048,"Census Tract 4048, Alameda County, California",ca,140,0,ACSSF,2746,6,1,404800,2647,1517,423,92,293,0,52,270,1159,77,17,20,0,24,109,3,32,0,85,125,125,122,77,71,272
6001404900,14000US06001404900,Census Tract 4049,"Census Tract 4049, Alameda County, California",ca,140,0,ACSSF,2747,6,1,404900,4197,2689,403,43,674,31,34,323,1860,32,75,30,37,49,56,72,38,45,6,118,155,246,190,265,446
6001405000,14000US06001405000,Census Tract 4050,"Census Tract 4050, Alameda County, California",ca,140,0,ACSSF,2748,6,1,405000,3394,2200,407,10,389,0,64,324,1446,67,32,27,8,30,39,48,0,16,22,67,69,137,150,206,528
6001405100,14000US06001405100,Census Tract 4051,"Census Tract 4051, Alameda County, California",ca,140,0,ACSSF,2749,6,1,405100,4285,2816,589,0,435,0,78,367,1608,32,0,17,0,17,0,9,26,17,38,66,136,107,121,197,825
6001405200,14000US06001405200,Census Tract 4052,"Census Tract 4052, Alameda County, California",ca,140,0,ACSSF,2750,6,1,405200,5183,2341,604,36,1635,25,151,391,2414,82,104,64,58,115,88,37,44,49,170,155,378,249,66,367,388
6001405301,14000US06001405301,Census Tract 4053.01,"Census Tract 4053.01, Alameda County, California",ca,140,0,ACSSF,2751,6,1,405301,2954,1679,352,0,322,13,329,259,1572,93,42,52,28,80,27,71,37,50,108,148,89,187,130,162,268
6001405302,14000US06001405302,Census Tract 4053.02,"Census Tract 4053.02, Alameda County, California",ca,140,0,ACSSF,2752,6,1,405302,2373,861,312,8,1004,0,53,135,1377,130,107,113,135,23,51,27,37,75,82,58,187,123,83,69,77
6001405401,14000US06001405401,Census Tract 4054.01,"Census Tract 4054.01, Alameda County, California",ca,140,0,ACSSF,2753,6,1,405401,3648,887,643,0,1277,0,625,216,1657,116,140,80,76,88,61,71,50,118,120,205,300,110,32,44,46
6001405402,14000US06001405402,Census Tract 4054.02,"Census Tract 4054.02, Alameda County, California",ca,140,0,ACSSF,2754,6,1,405402,3357,679,894,45,938,102,542,157,1180,38,127,87,28,50,64,12,69,11,157,116,197,106,42,25,51
6001405500,14000US06001405500,Census Tract 4055,"Census Tract 4055, Alameda County, California",ca,140,0,ACSSF,2755,6,1,405500,3880,1062,879,55,1619,41,56,168,1572,41,164,33,111,77,59,66,8,23,170,149,97,175,67,248,84
6001405600,14000US06001405600,Census Tract 4056,"Census Tract 4056, Alameda County, California",ca,140,0,ACSSF,2756,6,1,405600,3269,1292,602,96,727,0,325,227,1386,71,74,118,5,62,26,5,127,33,173,103,104,202,85,125,73
6001405700,14000US06001405700,Census Tract 4057,"Census Tract 4057, Alameda County, California",ca,140,0,ACSSF,2757,6,1,405700,3531,620,747,17,1625,0,303,219,1368,46,102,64,63,14,59,30,11,117,126,230,236,79,85,31,75
6001405800,14000US06001405800,Census Tract 4058,"Census Tract 4058, Alameda County, California",ca,140,0,ACSSF,2758,6,1,405800,4370,1074,962,108,1871,25,224,106,1338,70,94,62,61,124,61,51,55,103,119,139,68,114,84,57,76
6001405901,14000US06001405901,Census Tract 4059.01,"Census Tract 4059.01, Alameda County, California",ca,140,0,ACSSF,2759,6,1,405901,4426,813,716,61,1618,37,1111,70,1100,119,88,33,114,5,57,91,53,21,90,76,109,62,124,30,28
6001405902,14000US06001405902,Census Tract 4059.02,"Census Tract 4059.02, Alameda County, California",ca,140,0,ACSSF,2760,6,1,405902,2942,390,358,26,1459,0,536,173,925,64,102,93,44,30,65,35,30,79,48,55,86,54,21,79,40
6001406000,14000US06001406000,Census Tract 4060,"Census Tract 4060, Alameda County, California",ca,140,0,ACSSF,2761,6,1,406000,3796,1148,525,6,1590,3,444,80,1551,82,199,93,89,75,45,127,51,44,64,176,123,72,82,127,102
6001406100,14000US06001406100,Census Tract 4061,"Census Tract 4061, Alameda County, California",ca,140,0,ACSSF,2762,6,1,406100,4733,1664,432,161,855,28,1509,84,1475,113,114,39,120,86,57,48,100,54,72,113,158,98,65,124,114
6001406201,14000US06001406201,Census Tract 4062.01,"Census Tract 4062.01, Alameda County, California",ca,140,0,ACSSF,2763,6,1,406201,4995,567,1056,79,1424,18,1681,170,1485,191,92,70,43,76,87,130,112,63,76,141,161,82,77,53,31
6001406202,14000US06001406202,Census Tract 4062.02,"Census Tract 4062.02, Alameda County, California",ca,140,0,ACSSF,2764,6,1,406202,4817,1508,696,323,622,0,1488,180,1337,94,41,84,104,102,101,69,38,109,141,146,54,65,63,60,66
6001406300,14000US06001406300,Census Tract 4063,"Census Tract 4063, Alameda County, California",ca,140,0,ACSSF,2765,6,1,406300,4383,1014,1161,19,1061,0,815,313,1255,127,99,106,32,54,41,44,56,75,75,73,158,50,41,167,57
6001406400,14000US06001406400,Census Tract 4064,"Census Tract 4064, Alameda County, California",ca,140,0,ACSSF,2766,6,1,406400,2545,1037,536,29,483,16,223,221,748,22,29,54,16,50,44,24,39,21,39,25,121,40,41,78,105
6001406500,14000US06001406500,Census Tract 4065,"Census Tract 4065, Alameda County, California",ca,140,0,ACSSF,2767,6,1,406500,6586,1315,1255,410,947,185,2073,401,1948,178,143,94,173,51,157,80,120,54,84,203,212,140,74,133,52
6001406601,14000US06001406601,Census Tract 4066.01,"Census Tract 4066.01, Alameda County, California",ca,140,0,ACSSF,2768,6,1,406601,4955,976,1042,107,1089,0,1182,559,1746,91,72,113,104,74,97,142,133,35,223,103,198,124,51,85,101
6001406602,14000US06001406602,Census Tract 4066.02,"Census Tract 4066.02, Alameda County, California",ca,140,0,ACSSF,2769,6,1,406602,2698,530,485,62,973,5,474,169,941,25,108,29,6,40,96,31,42,78,32,107,118,53,0,118,58
6001406700,14000US06001406700,Census Tract 4067,"Census Tract 4067, Alameda County, California",ca,140,0,ACSSF,2770,6,1,406700,5159,2754,765,34,1059,0,258,289,2178,26,130,29,28,98,46,39,76,39,119,158,335,248,111,283,413
6001406800,14000US06001406800,Census Tract 4068,"Census Tract 4068, Alameda County, California",ca,140,0,ACSSF,2771,6,1,406800,3611,1513,412,16,761,0,568,341,1360,31,12,28,38,18,14,95,27,37,18,108,246,127,93,198,270
6001406900,14000US06001406900,Census Tract 4069,"Census Tract 4069, Alameda County, California",ca,140,0,ACSSF,2772,6,1,406900,3608,1854,670,15,593,12,118,346,1551,47,38,39,39,15,54,29,10,85,122,109,241,145,97,169,312
6001407000,14000US06001407000,Census Tract 4070,"Census Tract 4070, Alameda County, California",ca,140,0,ACSSF,2773,6,1,407000,5869,1156,1234,119,1453,0,1132,775,1991,87,161,99,55,36,76,154,16,0,269,335,277,63,115,170,78
6001407101,14000US06001407101,Census Tract 4071.01,"Census Tract 4071.01, Alameda County, California",ca,140,0,ACSSF,2774,6,1,407101,3821,621,571,8,956,0,1586,79,1056,100,57,47,97,89,51,11,59,42,89,111,143,16,98,12,34
6001407102,14000US06001407102,Census Tract 4071.02,"Census Tract 4071.02, Alameda County, California",ca,140,0,ACSSF,2775,6,1,407102,4387,611,1143,121,628,10,1471,403,1355,86,107,20,57,40,62,33,91,124,152,89,226,90,19,53,106
6001407200,14000US06001407200,Census Tract 4072,"Census Tract 4072, Alameda County, California",ca,140,0,ACSSF,2776,6,1,407200,6985,2001,598,136,968,3,3037,242,1927,160,102,78,134,81,126,139,114,104,181,187,160,114,161,25,61
6001407300,14000US06001407300,Census Tract 4073,"Census Tract 4073, Alameda County, California",ca,140,0,ACSSF,2777,6,1,407300,2420,1065,266,3,236,12,753,85,730,29,90,42,41,33,31,23,20,19,36,87,48,146,44,10,31
6001407400,14000US06001407400,Census Tract 4074,"Census Tract 4074, Alameda County, California",ca,140,0,ACSSF,2778,6,1,407400,4531,478,844,33,337,9,2518,312,1127,188,60,38,37,50,25,19,62,20,71,135,248,62,54,34,24
6001407500,14000US06001407500,Census Tract 4075,"Census Tract 4075, Alameda County, California",ca,140,0,ACSSF,2779,6,1,407500,4299,558,1254,46,278,5,1796,362,1358,211,110,113,120,61,116,18,49,40,160,76,106,54,34,50,40
6001407600,14000US06001407600,Census Tract 4076,"Census Tract 4076, Alameda County, California",ca,140,0,ACSSF,2780,6,1,407600,6327,1317,2496,0,526,0,1309,679,2123,122,155,14,32,104,45,69,43,219,20,156,365,214,172,220,173
6001407700,14000US06001407700,Census Tract 4077,"Census Tract 4077, Alameda County, California",ca,140,0,ACSSF,2781,6,1,407700,4122,1532,1784,0,210,17,253,326,1651,29,32,40,77,83,70,39,77,64,121,129,204,137,102,310,137
6001407800,14000US06001407800,Census Tract 4078,"Census Tract 4078, Alameda County, California",ca,140,0,ACSSF,2782,6,1,407800,2728,1105,645,5,557,3,188,225,748,65,34,18,13,20,18,23,18,10,67,47,73,94,57,84,107
6001407900,14000US06001407900,Census Tract 4079,"Census Tract 4079, Alameda County, California",ca,140,0,ACSSF,2783,6,1,407900,2873,1508,530,0,456,2,186,191,1126,25,0,45,0,11,28,0,38,11,45,72,122,165,98,207,259
6001408000,14000US06001408000,Census Tract 4080,"Census Tract 4080, Alameda County, California",ca,140,0,ACSSF,2784,6,1,408000,2700,1652,255,12,499,2,143,137,1037,9,17,10,10,9,0,0,37,6,39,55,111,46,72,156,460
6001408100,14000US06001408100,Census Tract 4081,"Census Tract 4081, Alameda County, California",ca,140,0,ACSSF,2785,6,1,408100,6320,2702,1506,0,1303,0,296,513,2717,22,17,0,57,111,28,100,29,33,83,158,367,217,347,358,790
6001408200,14000US06001408200,Census Tract 4082,"Census Tract 4082, Alameda County, California",ca,140,0,ACSSF,2786,6,1,408200,4570,1104,2375,57,238,30,303,463,1961,197,119,111,19,117,130,53,75,46,148,173,181,165,154,47,226
6001408300,14000US06001408300,Census Tract 4083,"Census Tract 4083, Alameda County, California",ca,140,0,ACSSF,2787,6,1,408300,5047,1427,1900,20,589,123,622,366,1828,76,94,41,50,105,67,8,61,9,179,98,280,138,187,207,228
6001408400,14000US06001408400,Census Tract 4084,"Census Tract 4084, Alameda County, California",ca,140,0,ACSSF,2788,6,1,408400,3201,502,1620,0,52,21,851,155,1157,102,113,45,99,100,39,39,44,83,50,72,141,49,49,84,48
6001408500,14000US06001408500,Census Tract 4085,"Census Tract 4085, Alameda County, California",ca,140,0,ACSSF,2789,6,1,408500,5977,271,2236,2,132,113,2920,303,1611,43,109,50,186,93,89,19,77,33,171,271,155,103,75,60,77
6001408600,14000US06001408600,Census Tract 4086,"Census Tract 4086, Alameda County, California",ca,140,0,ACSSF,2790,6,1,408600,7096,949,2526,28,302,0,2857,434,1811,100,202,88,143,95,72,97,85,76,124,144,214,100,133,95,43
6001408700,14000US06001408700,Census Tract 4087,"Census Tract 4087, Alameda County, California",ca,140,0,ACSSF,2791,6,1,408700,7909,1299,3312,21,181,0,2398,698,2455,203,108,150,173,105,124,32,85,122,136,163,552,233,116,118,35
6001408800,14000US06001408800,Census Tract 4088,"Census Tract 4088, Alameda County, California",ca,140,0,ACSSF,2792,6,1,408800,7149,727,2718,36,308,361,2866,133,2225,327,340,278,210,106,113,82,60,50,166,158,153,95,25,62,0
6001408900,14000US06001408900,Census Tract 4089,"Census Tract 4089, Alameda County, California",ca,140,0,ACSSF,2793,6,1,408900,3546,506,853,0,162,35,1832,158,1016,74,87,105,80,59,40,24,48,39,73,72,134,89,22,42,28
6001409000,14000US06001409000,Census Tract 4090,"Census Tract 4090, Alameda County, California",ca,140,0,ACSSF,2794,6,1,409000,4687,440,1638,48,221,6,2126,208,1135,16,71,37,46,55,88,11,194,66,80,79,130,52,127,48,35
6001409100,14000US06001409100,Census Tract 4091,"Census Tract 4091, Alameda County, California",ca,140,0,ACSSF,2795,6,1,409100,2490,721,726,126,109,0,609,199,675,38,36,35,21,15,34,37,37,24,30,113,145,80,11,4,15
6001409200,14000US06001409200,Census Tract 4092,"Census Tract 4092, Alameda County, California",ca,140,0,ACSSF,2796,6,1,409200,3672,372,1171,26,246,0,1534,323,982,60,47,45,26,41,36,43,82,42,165,91,94,112,57,19,22
6001409300,14000US06001409300,Census Tract 4093,"Census Tract 4093, Alameda County, California",ca,140,0,ACSSF,2797,6,1,409300,5303,927,1315,0,148,27,2689,197,1627,186,172,55,83,30,72,176,42,140,190,129,91,108,76,49,28
6001409400,14000US06001409400,Census Tract 4094,"Census Tract 4094, Alameda County, California",ca,140,0,ACSSF,2798,6,1,409400,4780,1019,800,0,443,15,2335,168,1268,69,79,143,74,81,68,73,102,36,57,138,166,66,54,36,26
6001409500,14000US06001409500,Census Tract 4095,"Census Tract 4095, Alameda County, California",ca,140,0,ACSSF,2799,6,1,409500,4128,910,1050,105,69,83,1801,110,1131,91,95,56,97,56,80,52,62,44,94,116,170,53,24,26,15
6001409600,14000US06001409600,Census Tract 4096,"Census Tract 4096, Alameda County, California",ca,140,0,ACSSF,2800,6,1,409600,4978,517,1653,13,233,36,2432,94,1484,144,115,38,90,93,42,77,37,59,198,112,209,133,101,7,29
6001409700,14000US06001409700,Census Tract 4097,"Census Tract 4097, Alameda County, California",ca,140,0,ACSSF,2801,6,1,409700,4991,836,1598,0,94,26,2107,330,1577,110,83,116,101,98,124,29,91,151,150,110,199,128,70,17,0
6001409800,14000US06001409800,Census Tract 4098,"Census Tract 4098, Alameda County, California",ca,140,0,ACSSF,2802,6,1,409800,3516,925,1975,11,285,0,120,200,1294,190,107,42,9,51,13,15,14,0,59,95,143,238,86,159,73
6001409900,14000US06001409900,Census Tract 4099,"Census Tract 4099, Alameda County, California",ca,140,0,ACSSF,2803,6,1,409900,3642,1208,1715,11,265,0,72,371,1423,40,21,22,28,20,52,10,10,32,24,113,156,270,50,177,398
6001410000,14000US06001410000,Census Tract 4100,"Census Tract 4100, Alameda County, California",ca,140,0,ACSSF,2804,6,1,410000,3242,1054,1311,8,158,29,111,571,1227,25,71,0,38,0,46,40,34,19,103,94,89,131,179,174,184
6001410100,14000US06001410100,Census Tract 4101,"Census Tract 4101, Alameda County, California",ca,140,0,ACSSF,2805,6,1,410100,2667,387,1513,0,129,14,266,358,1100,110,58,66,13,11,23,35,84,30,51,162,140,144,52,41,80
6001410200,14000US06001410200,Census Tract 4102,"Census Tract 4102, Alameda County, California",ca,140,0,ACSSF,2806,6,1,410200,3630,215,2179,31,104,86,913,102,1127,39,109,40,42,80,7,73,79,7,101,183,119,83,11,131,23
6001410300,14000US06001410300,Census Tract 4103,"Census Tract 4103, Alameda County, California",ca,140,0,ACSSF,2807,6,1,410300,3857,996,966,38,133,51,1441,232,1023,60,58,72,62,36,46,114,24,37,107,91,150,75,47,28,16
6001410400,14000US06001410400,Census Tract 4104,"Census Tract 4104, Alameda County, California",ca,140,0,ACSSF,2808,6,1,410400,4477,814,1505,123,486,23,1376,150,1351,42,54,37,20,82,95,7,31,41,68,221,210,177,122,101,43
6001410500,14000US06001410500,Census Tract 4105,"Census Tract 4105, Alameda County, California",ca,140,0,ACSSF,2809,6,1,410500,2705,547,1663,7,294,24,110,60,925,160,118,75,58,34,61,75,32,47,34,23,24,15,29,10,130
6001420100,14000US06001420100,Census Tract 4201,"Census Tract 4201, Alameda County, California",ca,140,0,ACSSF,2810,6,1,420100,2440,1601,11,10,512,0,46,260,891,8,6,16,28,10,13,11,9,18,56,42,80,87,105,166,236
6001420200,14000US06001420200,Census Tract 4202,"Census Tract 4202, Alameda County, California",ca,140,0,ACSSF,2811,6,1,420200,3332,1322,186,18,1279,0,222,305,1256,54,7,0,47,59,48,23,0,65,24,72,265,88,90,188,226
6001420300,14000US06001420300,Census Tract 4203,"Census Tract 4203, Alameda County, California",ca,140,0,ACSSF,2812,6,1,420300,4977,1751,196,60,2007,52,666,245,1947,72,0,73,49,20,79,9,55,121,89,263,250,118,66,280,403
6001420400,14000US06001420400,Census Tract 4204,"Census Tract 4204, Alameda County, California",ca,140,0,ACSSF,2813,6,1,420400,3062,1298,37,45,935,13,301,433,1129,188,50,43,43,40,9,66,128,42,106,77,113,102,42,23,57
6001420500,14000US06001420500,Census Tract 4205,"Census Tract 4205, Alameda County, California",ca,140,0,ACSSF,2814,6,1,420500,2557,1364,138,27,545,0,163,320,974,17,26,38,8,16,51,22,28,16,37,73,138,77,83,139,205
6001420600,14000US06001420600,Census Tract 4206,"Census Tract 4206, Alameda County, California",ca,140,0,ACSSF,2815,6,1,420600,3436,2478,23,0,502,19,93,321,1247,27,12,20,6,11,7,31,36,27,35,70,150,94,75,160,486
6001421100,14000US06001421100,Census Tract 4211,"Census Tract 4211, Alameda County, California",ca,140,0,ACSSF,2816,6,1,421100,2084,1738,36,0,223,7,7,73,837,0,5,11,0,11,23,0,27,7,36,35,51,66,63,127,375
6001421200,14000US06001421200,Census Tract 4212,"Census Tract 4212, Alameda County, California",ca,140,0,ACSSF,2817,6,1,421200,3594,2726,48,4,364,0,66,386,1466,28,9,14,20,67,0,29,9,8,34,56,151,83,129,200,629
6001421300,14000US06001421300,Census Tract 4213,"Census Tract 4213, Alameda County, California",ca,140,0,ACSSF,2818,6,1,421300,3873,3106,58,0,340,8,82,279,1578,34,0,31,0,9,10,17,27,35,56,70,194,84,123,277,611
6001421400,14000US06001421400,Census Tract 4214,"Census Tract 4214, Alameda County, California",ca,140,0,ACSSF,2819,6,1,421400,1634,1228,30,7,211,4,33,121,625,20,5,11,5,0,6,0,0,21,6,51,78,66,64,84,208
6001421500,14000US06001421500,Census Tract 4215,"Census Tract 4215, Alameda County, California",ca,140,0,ACSSF,2820,6,1,421500,3694,2938,95,0,434,11,99,117,1576,23,16,16,17,48,18,10,17,0,67,22,160,152,100,281,629
6001421600,14000US06001421600,Census Tract 4216,"Census Tract 4216, Alameda County, California",ca,140,0,ACSSF,2821,6,1,421600,3617,2756,112,0,466,20,32,231,1537,56,13,0,0,33,21,0,9,26,46,86,185,145,132,114,671
6001421700,14000US06001421700,Census Tract 4217,"Census Tract 4217, Alameda County, California",ca,140,0,ACSSF,2822,6,1,421700,3492,2529,23,44,631,0,126,139,1574,100,77,44,43,0,72,107,98,17,49,94,147,167,96,137,326
6001421800,14000US06001421800,Census Tract 4218,"Census Tract 4218, Alameda County, California",ca,140,0,ACSSF,2823,6,1,421800,2144,1656,36,6,300,0,5,141,859,14,36,21,20,5,30,24,31,16,21,28,39,97,81,147,249
6001421900,14000US06001421900,Census Tract 4219,"Census Tract 4219, Alameda County, California",ca,140,0,ACSSF,2824,6,1,421900,4171,2635,250,5,741,7,145,388,1732,26,50,72,11,36,9,47,23,68,81,195,136,232,178,257,311
6001422000,14000US06001422000,Census Tract 4220,"Census Tract 4220, Alameda County, California",ca,140,0,ACSSF,2825,6,1,422000,2156,1463,238,2,176,0,31,246,928,30,68,38,20,17,21,4,33,11,29,25,116,114,60,126,216
6001422100,14000US06001422100,Census Tract 4221,"Census Tract 4221, Alameda County, California",ca,140,0,ACSSF,2826,6,1,422100,3073,1584,394,101,375,0,434,185,1212,29,122,23,10,0,110,20,12,45,127,43,233,135,74,77,152
6001422200,14000US06001422200,Census Tract 4222,"Census Tract 4222, Alameda County, California",ca,140,0,ACSSF,2827,6,1,422200,3237,2025,171,29,511,19,33,449,1554,131,0,67,53,59,74,0,61,78,74,79,159,209,144,185,181
6001422300,14000US06001422300,Census Tract 4223,"Census Tract 4223, Alameda County, California",ca,140,0,ACSSF,2828,6,1,422300,3643,2336,105,6,778,8,40,370,1680,145,90,65,64,65,0,22,41,31,142,95,199,184,122,172,243
6001422400,14000US06001422400,Census Tract 4224,"Census Tract 4224, Alameda County, California",ca,140,0,ACSSF,2829,6,1,422400,4487,2345,56,0,1691,0,152,243,2067,153,76,59,111,86,135,44,53,85,177,199,194,207,56,233,199
6001422500,14000US06001422500,Census Tract 4225,"Census Tract 4225, Alameda County, California",ca,140,0,ACSSF,2830,6,1,422500,4400,2335,126,18,1489,22,74,336,1439,185,53,39,51,54,101,42,41,35,97,144,209,101,95,43,149
6001422600,14000US06001422600,Census Tract 4226,"Census Tract 4226, Alameda County, California",ca,140,0,ACSSF,2831,6,1,422600,1043,482,32,0,459,0,50,20,26,0,5,0,0,0,0,0,0,0,0,0,0,0,4,4,13
6001422700,14000US06001422700,Census Tract 4227,"Census Tract 4227, Alameda County, California",ca,140,0,ACSSF,2832,6,1,422700,5266,2907,130,47,1574,10,260,338,1053,241,95,42,28,52,51,8,67,32,81,57,37,39,42,95,86
6001422800,14000US06001422800,Census Tract 4228,"Census Tract 4228, Alameda County, California",ca,140,0,ACSSF,2833,6,1,422800,9064,3304,395,49,4092,76,495,653,1293,457,73,119,68,121,56,23,14,58,26,58,100,39,16,33,32
6001422900,14000US06001422900,Census Tract 4229,"Census Tract 4229, Alameda County, California",ca,140,0,ACSSF,2834,6,1,422900,5761,2111,691,0,2421,156,118,264,2128,337,80,240,233,156,73,0,94,92,106,336,37,114,52,60,118
6001423000,14000US06001423000,Census Tract 4230,"Census Tract 4230, Alameda County, California",ca,140,0,ACSSF,2835,6,1,423000,4962,2959,340,22,1234,0,114,293,2087,33,90,31,73,74,30,31,230,14,156,265,185,88,186,304,297
6001423100,14000US06001423100,Census Tract 4231,"Census Tract 4231, Alameda County, California",ca,140,0,ACSSF,2836,6,1,423100,4413,2365,733,22,633,43,204,413,1976,84,202,51,62,69,107,34,29,35,46,297,186,184,154,164,272
6001423200,14000US06001423200,Census Tract 4232,"Census Tract 4232, Alameda County, California",ca,140,0,ACSSF,2837,6,1,423200,2982,1302,681,18,217,103,233,428,1142,108,56,44,64,26,48,30,84,85,34,88,86,71,78,146,94
6001423300,14000US06001423300,Census Tract 4233,"Census Tract 4233, Alameda County, California",ca,140,0,ACSSF,2838,6,1,423300,3504,1712,916,22,333,0,89,432,1587,151,113,41,86,84,21,13,48,39,45,84,78,114,221,198,251
6001423400,14000US06001423400,Census Tract 4234,"Census Tract 4234, Alameda County, California",ca,140,0,ACSSF,2839,6,1,423400,5163,2896,709,0,629,0,254,675,2002,165,49,116,53,62,57,53,85,52,81,192,213,124,107,309,284
6001423500,14000US06001423500,Census Tract 4235,"Census Tract 4235, Alameda County, California",ca,140,0,ACSSF,2840,6,1,423500,3426,1833,715,9,491,11,112,255,1486,140,143,57,61,66,67,86,7,61,60,128,173,85,45,64,243
6001423601,14000US06001423601,Census Tract 4236.01,"Census Tract 4236.01, Alameda County, California",ca,140,0,ACSSF,2841,6,1,423601,2671,1982,138,17,255,0,103,176,1214,67,8,18,58,27,28,62,26,54,52,53,76,141,118,200,226
6001423602,14000US06001423602,Census Tract 4236.02,"Census Tract 4236.02, Alameda County, California",ca,140,0,ACSSF,2842,6,1,423602,6528,3375,84,113,2305,31,185,435,2193,426,123,171,95,49,65,131,86,99,70,92,215,155,84,173,159
6001423700,14000US06001423700,Census Tract 4237,"Census Tract 4237, Alameda County, California",ca,140,0,ACSSF,2843,6,1,423700,4148,2862,95,29,837,22,71,232,1305,105,108,66,17,42,24,29,18,28,39,96,80,130,84,106,333
6001423800,14000US06001423800,Census Tract 4238,"Census Tract 4238, Alameda County, California",ca,140,0,ACSSF,2844,6,1,423800,2986,2562,71,0,211,0,9,133,1306,21,10,0,0,10,42,20,20,49,48,74,110,76,57,182,587
6001423901,14000US06001423901,Census Tract 4239.01,"Census Tract 4239.01, Alameda County, California",ca,140,0,ACSSF,2845,6,1,423901,2054,1424,230,19,187,0,56,138,818,29,31,20,44,11,31,23,17,8,58,87,84,116,47,71,141
6001423902,14000US06001423902,Census Tract 4239.02,"Census Tract 4239.02, Alameda County, California",ca,140,0,ACSSF,2846,6,1,423902,1605,1172,56,0,248,0,16,113,712,10,5,23,16,15,21,34,10,30,30,53,54,54,69,137,151
6001424001,14000US06001424001,Census Tract 4240.01,"Census Tract 4240.01, Alameda County, California",ca,140,0,ACSSF,2847,6,1,424001,4027,1999,913,25,346,12,508,224,1426,70,142,48,60,62,34,50,49,38,41,95,108,191,91,117,230
6001424002,14000US06001424002,Census Tract 4240.02,"Census Tract 4240.02, Alameda County, California",ca,140,0,ACSSF,2848,6,1,424002,2583,798,887,21,272,0,409,196,934,40,49,31,40,32,32,52,12,26,69,85,95,71,43,87,170
6001425101,14000US06001425101,Census Tract 4251.01,"Census Tract 4251.01, Alameda County, California",ca,140,0,ACSSF,2849,6,1,425101,1659,1056,58,5,419,8,0,113,1159,69,10,30,60,7,18,77,23,10,95,93,169,166,65,75,192
6001425102,14000US06001425102,Census Tract 4251.02,"Census Tract 4251.02, Alameda County, California",ca,140,0,ACSSF,2850,6,1,425102,3906,1485,335,30,1601,38,166,251,2022,155,27,11,15,9,52,39,85,37,70,72,249,307,185,240,469
6001425103,14000US06001425103,Census Tract 4251.03,"Census Tract 4251.03, Alameda County, California",ca,140,0,ACSSF,2851,6,1,425103,2795,1356,459,2,764,0,0,214,1429,75,41,0,17,0,38,32,6,26,48,95,148,200,110,147,446
6001425104,14000US06001425104,Census Tract 4251.04,"Census Tract 4251.04, Alameda County, California",ca,140,0,ACSSF,2852,6,1,425104,3539,1413,941,23,639,14,204,305,1958,225,14,235,109,24,61,63,64,56,77,66,190,180,50,277,267
6001426100,14000US06001426100,Census Tract 4261,"Census Tract 4261, Alameda County, California",ca,140,0,ACSSF,2853,6,1,426100,6521,4917,45,0,1298,0,0,261,2178,18,0,16,0,24,0,10,21,0,22,90,63,44,237,258,1375
6001426200,14000US06001426200,Census Tract 4262,"Census Tract 4262, Alameda County, California",ca,140,0,ACSSF,2854,6,1,426200,4796,3513,110,4,722,7,19,421,1660,60,0,6,25,43,7,24,12,14,15,77,74,106,96,288,813
6001427100,14000US06001427100,Census Tract 4271,"Census Tract 4271, Alameda County, California",ca,140,0,ACSSF,2855,6,1,427100,3975,2815,55,19,643,8,264,171,1420,33,38,13,30,16,42,10,40,19,54,76,93,130,153,286,387
6001427200,14000US06001427200,Census Tract 4272,"Census Tract 4272, Alameda County, California",ca,140,0,ACSSF,2856,6,1,427200,4180,2041,122,22,1490,19,207,279,1597,62,54,78,80,76,29,60,74,63,67,127,167,133,119,236,172
6001427300,14000US06001427300,Census Tract 4273,"Census Tract 4273, Alameda County, California",ca,140,0,ACSSF,2857,6,1,427300,5346,2311,386,22,2021,39,182,385,2058,58,97,73,63,20,31,28,87,53,113,151,297,265,109,203,410
6001427600,14000US06001427600,Census Tract 4276,"Census Tract 4276, Alameda County, California",ca,140,0,ACSSF,2858,6,1,427600,5200,1661,975,4,1813,55,345,347,1773,144,58,17,0,120,133,57,59,41,125,193,253,132,130,192,119
6001427700,14000US06001427700,Census Tract 4277,"Census Tract 4277, Alameda County, California",ca,140,0,ACSSF,2859,6,1,427700,5201,2849,492,2,930,0,467,461,2234,90,84,43,91,19,0,26,45,16,181,182,289,298,124,384,362
6001427800,14000US06001427800,Census Tract 4278,"Census Tract 4278, Alameda County, California",ca,140,0,ACSSF,2860,6,1,427800,4954,2812,236,6,1075,0,233,592,2072,53,90,66,75,16,44,75,98,47,162,118,179,178,185,309,377
6001427900,14000US06001427900,Census Tract 4279,"Census Tract 4279, Alameda County, California",ca,140,0,ACSSF,2861,6,1,427900,5052,2773,284,34,1432,0,200,329,2072,41,14,50,48,44,41,0,82,24,124,211,342,320,189,100,442
6001428000,14000US06001428000,Census Tract 4280,"Census Tract 4280, Alameda County, California",ca,140,0,ACSSF,2862,6,1,428000,2877,1196,193,3,781,0,469,235,1362,86,63,44,33,31,50,35,105,29,74,170,157,168,151,108,58
6001428100,14000US06001428100,Census Tract 4281,"Census Tract 4281, Alameda County, California",ca,140,0,ACSSF,2863,6,1,428100,4839,2884,317,0,1071,30,175,362,1983,24,67,27,56,27,52,51,40,113,134,109,175,211,203,376,318
6001428200,14000US06001428200,Census Tract 4282,"Census Tract 4282, Alameda County, California",ca,140,0,ACSSF,2864,6,1,428200,6606,3867,414,0,1395,30,312,588,2661,86,35,75,108,48,31,143,92,32,166,242,232,235,258,385,493
6001428301,14000US06001428301,Census Tract 4283.01,"Census Tract 4283.01, Alameda County, California",ca,140,0,ACSSF,2865,6,1,428301,7277,2608,338,22,3347,60,212,690,2492,15,17,0,17,47,50,61,0,25,63,227,204,298,363,410,695
6001428302,14000US06001428302,Census Tract 4283.02,"Census Tract 4283.02, Alameda County, California",ca,140,0,ACSSF,2866,6,1,428302,7424,3294,194,0,3185,0,238,513,2474,0,14,124,28,37,47,41,14,38,35,114,140,189,207,393,1053
6001428400,14000US06001428400,Census Tract 4284,"Census Tract 4284, Alameda County, California",ca,140,0,ACSSF,2867,6,1,428400,4568,2213,519,127,1130,28,107,444,1873,166,36,8,33,72,76,17,70,104,107,121,359,156,105,240,203
6001428500,14000US06001428500,Census Tract 4285,"Census Tract 4285, Alameda County, California",ca,140,0,ACSSF,2868,6,1,428500,3097,1383,246,31,854,0,238,345,1386,46,35,56,103,21,17,17,30,0,62,133,214,130,204,126,192
6001428600,14000US06001428600,Census Tract 4286,"Census Tract 4286, Alameda County, California",ca,140,0,ACSSF,2869,6,1,428600,3454,1571,254,56,1187,0,26,360,1581,64,34,35,24,51,49,0,66,68,70,127,155,217,102,244,275
6001428700,14000US06001428700,Census Tract 4287,"Census Tract 4287, Alameda County, California",ca,140,0,ACSSF,2870,6,1,428700,4472,1604,752,19,1461,0,307,329,1380,170,127,45,22,76,28,49,0,41,80,70,127,48,46,96,355
6001430101,14000US06001430101,Census Tract 4301.01,"Census Tract 4301.01, Alameda County, California",ca,140,0,ACSSF,2871,6,1,430101,6842,2174,441,10,3401,81,110,625,2179,57,0,53,20,10,0,24,21,19,82,39,244,206,188,417,799
6001430102,14000US06001430102,Census Tract 4301.02,"Census Tract 4301.02, Alameda County, California",ca,140,0,ACSSF,2872,6,1,430102,2424,1604,41,5,469,17,79,209,900,11,0,11,5,8,0,5,30,9,58,37,77,124,120,153,252
6001430200,14000US06001430200,Census Tract 4302,"Census Tract 4302, Alameda County, California",ca,140,0,ACSSF,2873,6,1,430200,6878,4344,324,81,1640,1,150,338,2400,13,45,13,29,54,102,26,57,24,48,168,272,264,244,397,644
6001430300,14000US06001430300,Census Tract 4303,"Census Tract 4303, Alameda County, California",ca,140,0,ACSSF,2874,6,1,430300,3826,2445,43,9,1001,17,146,165,1334,20,65,0,45,28,28,0,24,52,51,37,113,164,111,212,384
6001430400,14000US06001430400,Census Tract 4304,"Census Tract 4304, Alameda County, California",ca,140,0,ACSSF,2875,6,1,430400,2107,1339,32,4,465,9,81,177,716,17,4,0,0,0,0,23,9,12,28,16,61,80,71,134,261
6001430500,14000US06001430500,Census Tract 4305,"Census Tract 4305, Alameda County, California",ca,140,0,ACSSF,2876,6,1,430500,5987,2558,1490,51,1310,4,341,233,2086,69,102,0,102,163,50,45,89,151,133,86,226,160,210,255,245
6001430600,14000US06001430600,Census Tract 4306,"Census Tract 4306, Alameda County, California",ca,140,0,ACSSF,2877,6,1,430600,6486,3658,486,52,1827,36,67,360,2166,75,52,37,66,37,52,97,35,93,72,92,209,310,232,259,448
6001430700,14000US06001430700,Census Tract 4307,"Census Tract 4307, Alameda County, California",ca,140,0,ACSSF,2878,6,1,430700,4170,2376,215,164,880,0,91,444,1395,37,10,4,48,33,20,0,51,47,160,121,173,152,139,139,261
6001430800,14000US06001430800,Census Tract 4308,"Census Tract 4308, Alameda County, California",ca,140,0,ACSSF,2879,6,1,430800,5282,3282,118,66,1475,60,54,227,2109,68,23,36,93,94,88,123,72,86,156,113,216,221,274,251,195
6001430900,14000US06001430900,Census Tract 4309,"Census Tract 4309, Alameda County, California",ca,140,0,ACSSF,2880,6,1,430900,5309,3129,514,57,1016,6,146,441,1864,118,115,61,46,89,69,75,40,43,101,137,398,248,36,173,115
6001431000,14000US06001431000,Census Tract 4310,"Census Tract 4310, Alameda County, California",ca,140,0,ACSSF,2881,6,1,431000,2777,1456,185,20,865,0,26,225,1087,37,30,39,46,47,32,8,28,17,118,177,173,67,73,127,68
6001431100,14000US06001431100,Census Tract 4311,"Census Tract 4311, Alameda County, California",ca,140,0,ACSSF,2882,6,1,431100,3561,2035,607,5,443,33,158,280,1377,42,91,8,28,64,49,31,6,94,114,146,279,111,76,150,88
6001431200,14000US06001431200,Census Tract 4312,"Census Tract 4312, Alameda County, California",ca,140,0,ACSSF,2883,6,1,431200,5574,3393,633,0,777,0,390,381,2496,28,53,27,37,125,71,126,51,12,113,157,461,416,240,351,228
6001432100,14000US06001432100,Census Tract 4321,"Census Tract 4321, Alameda County, California",ca,140,0,ACSSF,2884,6,1,432100,3574,1829,413,16,666,63,302,285,1458,25,19,28,35,34,90,0,59,32,27,107,107,137,161,234,363
6001432200,14000US06001432200,Census Tract 4322,"Census Tract 4322, Alameda County, California",ca,140,0,ACSSF,2885,6,1,432200,4078,1800,901,70,492,41,500,274,1680,96,124,65,26,25,151,29,23,61,107,127,101,155,139,219,232
6001432300,14000US06001432300,Census Tract 4323,"Census Tract 4323, Alameda County, California",ca,140,0,ACSSF,2886,6,1,432300,4744,1600,573,55,1315,120,730,351,1655,66,35,10,38,68,53,76,38,65,8,89,286,231,159,192,241
6001432400,14000US06001432400,Census Tract 4324,"Census Tract 4324, Alameda County, California",ca,140,0,ACSSF,2887,6,1,432400,7003,3158,499,25,2088,126,638,469,1832,100,18,22,38,70,39,40,130,125,159,205,310,162,149,147,118
6001432501,14000US06001432501,Census Tract 4325.01,"Census Tract 4325.01, Alameda County, California",ca,140,0,ACSSF,2888,6,1,432501,4854,1767,354,15,2023,65,412,218,1422,35,68,45,51,96,45,74,59,86,103,156,153,161,64,140,86
6001432502,14000US06001432502,Census Tract 4325.02,"Census Tract 4325.02, Alameda County, California",ca,140,0,ACSSF,2889,6,1,432502,5178,1681,737,3,2136,9,380,232,1536,37,31,19,125,36,74,57,51,89,90,141,202,156,158,171,99
6001432600,14000US06001432600,Census Tract 4326,"Census Tract 4326, Alameda County, California",ca,140,0,ACSSF,2890,6,1,432600,7043,2762,1030,93,1770,48,761,579,3036,93,81,141,124,92,166,154,118,139,436,234,278,461,144,201,174
6001432700,14000US06001432700,Census Tract 4327,"Census Tract 4327, Alameda County, California",ca,140,0,ACSSF,2891,6,1,432700,2816,1734,168,12,472,21,198,211,1035,10,19,0,22,59,17,63,16,47,72,98,130,73,51,110,248
6001432800,14000US06001432800,Census Tract 4328,"Census Tract 4328, Alameda County, California",ca,140,0,ACSSF,2892,6,1,432800,3979,1535,509,74,1365,37,220,239,1442,26,0,0,11,70,55,31,0,27,58,62,176,208,193,209,316
6001433000,14000US06001433000,Census Tract 4330,"Census Tract 4330, Alameda County, California",ca,140,0,ACSSF,2893,6,1,433000,3654,1597,230,34,1474,7,199,113,1371,35,31,8,67,28,40,63,15,17,61,176,200,151,175,201,103
6001433102,14000US06001433102,Census Tract 4331.02,"Census Tract 4331.02, Alameda County, California",ca,140,0,ACSSF,2894,6,1,433102,4485,1406,387,37,1874,9,385,387,1384,27,38,25,27,34,48,23,58,61,47,231,231,78,181,185,90
6001433103,14000US06001433103,Census Tract 4331.03,"Census Tract 4331.03, Alameda County, California",ca,140,0,ACSSF,2895,6,1,433103,3523,1409,628,20,868,0,485,113,1410,66,35,18,67,45,98,94,40,148,108,153,97,159,108,139,35
6001433104,14000US06001433104,Census Tract 4331.04,"Census Tract 4331.04, Alameda County, California",ca,140,0,ACSSF,2896,6,1,433104,3724,1668,820,24,451,0,342,419,1849,83,138,25,50,105,84,137,130,128,146,195,201,151,67,86,123
6001433200,14000US06001433200,Census Tract 4332,"Census Tract 4332, Alameda County, California",ca,140,0,ACSSF,2897,6,1,433200,7991,2231,968,38,2912,25,1058,759,2772,178,186,66,215,219,254,101,48,33,128,209,296,295,141,202,201
6001433300,14000US06001433300,Census Tract 4333,"Census Tract 4333, Alameda County, California",ca,140,0,ACSSF,2898,6,1,433300,7761,2747,61,0,3517,157,761,518,2218,58,99,38,13,14,37,135,47,118,75,128,485,326,165,213,267
6001433400,14000US06001433400,Census Tract 4334,"Census Tract 4334, Alameda County, California",ca,140,0,ACSSF,2899,6,1,433400,5934,1355,551,97,3341,140,61,389,2200,76,118,0,72,9,156,73,22,83,230,135,165,165,296,303,297
6001433500,14000US06001433500,Census Tract 4335,"Census Tract 4335, Alameda County, California",ca,140,0,ACSSF,2900,6,1,433500,4830,1707,211,0,2309,3,531,69,1402,7,35,7,107,60,24,11,59,39,52,169,184,139,135,108,266
6001433600,14000US06001433600,Census Tract 4336,"Census Tract 4336, Alameda County, California",ca,140,0,ACSSF,2901,6,1,433600,6094,2018,531,122,2489,118,426,390,2132,90,132,66,66,126,117,22,88,203,159,181,214,221,87,215,145
6001433700,14000US06001433700,Census Tract 4337,"Census Tract 4337, Alameda County, California",ca,140,0,ACSSF,2902,6,1,433700,3503,1846,186,26,681,0,599,165,1019,33,53,33,6,15,15,16,72,0,20,187,224,125,138,82,0
6001433800,14000US06001433800,Census Tract 4338,"Census Tract 4338, Alameda County, California",ca,140,0,ACSSF,2903,6,1,433800,8179,2514,657,38,3059,10,1699,202,2573,96,32,98,65,0,290,70,87,122,232,185,381,286,244,143,242
6001433900,14000US06001433900,Census Tract 4339,"Census Tract 4339, Alameda County, California",ca,140,0,ACSSF,2904,6,1,433900,7685,2605,1750,242,1223,103,1115,647,2373,155,144,20,114,37,52,168,159,131,159,304,431,312,78,44,65
6001434000,14000US06001434000,Census Tract 4340,"Census Tract 4340, Alameda County, California",ca,140,0,ACSSF,2905,6,1,434000,5334,2364,883,31,1019,17,692,328,1822,187,167,102,116,49,63,56,92,134,192,116,230,83,40,103,92
6001435102,14000US06001435102,Census Tract 4351.02,"Census Tract 4351.02, Alameda County, California",ca,140,0,ACSSF,2906,6,1,435102,6189,2853,864,50,1448,0,447,527,1574,52,10,8,0,11,12,9,11,11,42,134,246,266,165,250,347
6001435103,14000US06001435103,Census Tract 4351.03,"Census Tract 4351.03, Alameda County, California",ca,140,0,ACSSF,2907,6,1,435103,7420,2762,553,0,3294,0,152,659,2346,68,15,31,17,33,19,18,0,23,124,39,169,226,157,307,1100
6001435104,14000US06001435104,Census Tract 4351.04,"Census Tract 4351.04, Alameda County, California",ca,140,0,ACSSF,2908,6,1,435104,6117,1848,680,35,1619,108,1260,567,2202,99,128,29,36,43,80,49,113,98,219,95,397,290,107,172,247
6001435200,14000US06001435200,Census Tract 4352,"Census Tract 4352, Alameda County, California",ca,140,0,ACSSF,2909,6,1,435200,4659,1686,931,11,1141,7,495,388,1505,53,34,0,17,11,62,19,51,43,50,69,189,286,179,227,215
6001435300,14000US06001435300,Census Tract 4353,"Census Tract 4353, Alameda County, California",ca,140,0,ACSSF,2910,6,1,435300,4739,1799,1120,7,747,261,482,323,1640,41,25,62,38,31,22,212,0,20,162,225,249,191,100,101,161
6001435400,14000US06001435400,Census Tract 4354,"Census Tract 4354, Alameda County, California",ca,140,0,ACSSF,2911,6,1,435400,4538,1638,1233,18,894,35,336,384,1781,93,117,61,64,127,45,66,74,29,74,207,263,216,89,107,149
6001435500,14000US06001435500,Census Tract 4355,"Census Tract 4355, Alameda County, California",ca,140,0,ACSSF,2912,6,1,435500,3983,1868,533,57,447,134,690,254,1530,129,148,100,46,18,35,40,37,64,123,163,140,163,91,125,108
6001435601,14000US06001435601,Census Tract 4356.01,"Census Tract 4356.01, Alameda County, California",ca,140,0,ACSSF,2913,6,1,435601,5662,2135,738,4,732,146,1681,226,1600,59,34,25,76,92,47,44,7,56,183,247,332,153,58,117,70
6001435602,14000US06001435602,Census Tract 4356.02,"Census Tract 4356.02, Alameda County, California",ca,140,0,ACSSF,2914,6,1,435602,5453,3057,423,49,568,43,1060,253,1673,55,76,83,22,59,20,71,46,91,68,126,446,132,223,120,35
6001435700,14000US06001435700,Census Tract 4357,"Census Tract 4357, Alameda County, California",ca,140,0,ACSSF,2915,6,1,435700,5231,2524,599,13,731,158,889,317,1459,67,27,12,44,10,67,51,16,24,139,137,224,243,167,145,86
6001435800,14000US06001435800,Census Tract 4358,"Census Tract 4358, Alameda County, California",ca,140,0,ACSSF,2916,6,1,435800,5543,2250,105,34,1639,8,1062,445,1652,30,29,20,40,41,34,61,10,27,149,140,263,166,225,202,215
6001435900,14000US06001435900,Census Tract 4359,"Census Tract 4359, Alameda County, California",ca,140,0,ACSSF,2917,6,1,435900,5371,2637,211,132,1675,57,396,263,1633,47,17,44,39,16,77,26,58,46,143,56,301,175,159,264,165
6001436000,14000US06001436000,Census Tract 4360,"Census Tract 4360, Alameda County, California",ca,140,0,ACSSF,2918,6,1,436000,5063,2843,84,110,1268,3,501,254,1506,46,10,10,52,58,20,9,22,16,138,192,203,183,238,172,137
6001436100,14000US06001436100,Census Tract 4361,"Census Tract 4361, Alameda County, California",ca,140,0,ACSSF,2919,6,1,436100,5977,3008,210,37,1462,291,695,274,1756,21,140,59,37,29,26,16,58,22,120,155,214,262,158,204,235
6001436200,14000US06001436200,Census Tract 4362,"Census Tract 4362, Alameda County, California",ca,140,0,ACSSF,2920,6,1,436200,4266,1567,725,104,537,38,1013,282,1268,134,64,26,75,62,52,45,21,116,101,122,250,69,63,68,0
6001436300,14000US06001436300,Census Tract 4363,"Census Tract 4363, Alameda County, California",ca,140,0,ACSSF,2921,6,1,436300,9444,3556,917,24,2513,34,2043,357,2978,149,26,56,117,78,39,44,59,90,171,358,507,345,238,398,303
6001436401,14000US06001436401,Census Tract 4364.01,"Census Tract 4364.01, Alameda County, California",ca,140,0,ACSSF,2922,6,1,436401,7173,3147,1133,29,1594,56,634,580,2848,73,41,89,70,28,113,147,46,54,143,239,463,320,215,349,458
6001436402,14000US06001436402,Census Tract 4364.02,"Census Tract 4364.02, Alameda County, California",ca,140,0,ACSSF,2923,6,1,436402,2704,1439,309,10,565,0,115,266,1058,0,9,8,8,8,7,8,0,45,28,70,96,92,177,184,318
6001436500,14000US06001436500,Census Tract 4365,"Census Tract 4365, Alameda County, California",ca,140,0,ACSSF,2924,6,1,436500,5375,2028,523,13,1166,200,1075,370,1722,64,98,71,26,9,78,53,79,38,119,252,272,223,144,65,131
6001436601,14000US06001436601,Census Tract 4366.01,"Census Tract 4366.01, Alameda County, California",ca,140,0,ACSSF,2925,6,1,436601,6938,2981,497,25,1095,0,1389,951,1862,63,9,78,20,86,78,68,43,24,135,257,164,271,226,229,111
6001436602,14000US06001436602,Census Tract 4366.02,"Census Tract 4366.02, Alameda County, California",ca,140,0,ACSSF,2926,6,1,436602,5113,1670,731,0,1074,172,1145,321,1680,38,101,92,67,50,61,94,54,83,191,63,245,284,127,89,41
6001436700,14000US06001436700,Census Tract 4367,"Census Tract 4367, Alameda County, California",ca,140,0,ACSSF,2927,6,1,436700,3265,1560,202,13,696,14,597,183,1088,67,93,34,11,44,0,33,45,17,84,38,210,113,154,46,99
6001436800,14000US06001436800,Census Tract 4368,"Census Tract 4368, Alameda County, California",ca,140,0,ACSSF,2928,6,1,436800,4382,1083,590,38,960,139,1241,331,1342,8,15,37,22,16,0,47,49,19,72,125,268,278,230,106,50
6001436900,14000US06001436900,Census Tract 4369,"Census Tract 4369, Alameda County, California",ca,140,0,ACSSF,2929,6,1,436900,6745,3273,526,5,1276,200,1130,335,1885,12,33,78,49,111,92,71,117,68,121,201,313,71,260,226,62
6001437000,14000US06001437000,Census Tract 4370,"Census Tract 4370, Alameda County, California",ca,140,0,ACSSF,2930,6,1,437000,3493,1383,198,16,834,152,641,269,1213,36,49,51,33,26,31,25,51,15,56,96,221,112,98,162,151
6001437101,14000US06001437101,Census Tract 4371.01,"Census Tract 4371.01, Alameda County, California",ca,140,0,ACSSF,2931,6,1,437101,7867,2376,579,125,3383,450,435,519,2036,4,12,59,68,70,13,59,22,33,100,134,263,205,224,227,543
6001437102,14000US06001437102,Census Tract 4371.02,"Census Tract 4371.02, Alameda County, California",ca,140,0,ACSSF,2932,6,1,437102,4521,884,357,37,1927,6,763,547,1406,71,112,73,31,50,3,19,53,47,125,175,184,170,143,99,51
6001437200,14000US06001437200,Census Tract 4372,"Census Tract 4372, Alameda County, California",ca,140,0,ACSSF,2933,6,1,437200,7489,2278,414,114,2918,192,813,760,2344,84,50,43,136,92,115,80,10,25,112,179,306,146,226,424,316
6001437300,14000US06001437300,Census Tract 4373,"Census Tract 4373, Alameda County, California",ca,140,0,ACSSF,2934,6,1,437300,3277,898,403,1,929,61,754,231,959,16,44,34,42,74,25,30,25,34,47,102,122,59,107,153,45
6001437400,14000US06001437400,Census Tract 4374,"Census Tract 4374, Alameda County, California",ca,140,0,ACSSF,2935,6,1,437400,3485,1386,142,54,889,44,766,204,954,0,5,5,12,15,5,38,39,15,103,160,142,173,107,95,40
6001437500,14000US06001437500,Census Tract 4375,"Census Tract 4375, Alameda County, California",ca,140,0,ACSSF,2936,6,1,437500,4531,1776,130,0,742,9,1645,229,1192,67,33,32,14,33,25,11,71,53,171,141,254,118,35,117,17
6001437600,14000US06001437600,Census Tract 4376,"Census Tract 4376, Alameda County, California",ca,140,0,ACSSF,2937,6,1,437600,3536,1100,305,20,1146,82,662,221,920,71,43,12,65,25,24,9,8,15,61,89,86,150,101,79,82
6001437701,14000US06001437701,Census Tract 4377.01,"Census Tract 4377.01, Alameda County, California",ca,140,0,ACSSF,2938,6,1,437701,3773,1372,486,52,540,79,1134,110,1026,42,56,12,0,38,12,85,44,93,63,174,115,124,116,22,30
6001437702,14000US06001437702,Census Tract 4377.02,"Census Tract 4377.02, Alameda County, California",ca,140,0,ACSSF,2939,6,1,437702,4295,1805,281,26,372,67,1596,148,1112,67,13,42,15,49,47,21,75,29,123,220,169,102,36,55,49
6001437800,14000US06001437800,Census Tract 4378,"Census Tract 4378, Alameda County, California",ca,140,0,ACSSF,2940,6,1,437800,4997,1494,348,72,1545,143,1068,327,1360,30,16,28,47,9,8,31,20,22,61,91,247,172,117,312,149
6001437900,14000US06001437900,Census Tract 4379,"Census Tract 4379, Alameda County, California",ca,140,0,ACSSF,2941,6,1,437900,2321,777,135,100,354,103,735,117,663,35,8,19,33,34,16,19,27,50,22,43,119,83,45,64,46
6001438000,14000US06001438000,Census Tract 4380,"Census Tract 4380, Alameda County, California",ca,140,0,ACSSF,2942,6,1,438000,3952,1433,326,6,1299,25,684,179,1145,10,9,14,16,8,0,42,17,42,98,55,278,154,135,103,164
6001438100,14000US06001438100,Census Tract 4381,"Census Tract 4381, Alameda County, California",ca,140,0,ACSSF,2943,6,1,438100,8307,2428,599,160,2483,71,2003,563,2145,32,14,32,98,75,0,50,23,112,127,182,294,261,282,271,292
6001438201,14000US06001438201,Census Tract 4382.01,"Census Tract 4382.01, Alameda County, California",ca,140,0,ACSSF,2944,6,1,438201,5144,1524,339,70,832,120,1928,331,1193,2,10,66,44,33,34,38,33,52,79,213,150,152,99,70,118
6001438203,14000US06001438203,Census Tract 4382.03,"Census Tract 4382.03, Alameda County, California",ca,140,0,ACSSF,2945,6,1,438203,3888,898,217,6,2001,121,436,209,1159,30,46,46,89,58,13,35,29,4,56,231,137,53,111,54,167
6001438204,14000US06001438204,Census Tract 4382.04,"Census Tract 4382.04, Alameda County, California",ca,140,0,ACSSF,2946,6,1,438204,5838,1514,380,104,2250,146,736,708,1847,13,51,59,32,74,42,46,88,66,228,217,202,129,265,179,156
6001438300,14000US06001438300,Census Tract 4383,"Census Tract 4383, Alameda County, California",ca,140,0,ACSSF,2947,6,1,438300,3767,1060,331,0,1617,309,337,113,873,3,6,29,21,48,22,36,23,41,71,76,122,100,84,64,127
6001438400,14000US06001438400,Census Tract 4384,"Census Tract 4384, Alameda County, California",ca,140,0,ACSSF,2948,6,1,438400,2757,837,259,2,1050,57,481,71,733,8,30,4,11,13,6,7,6,27,88,91,143,124,32,88,55
6001440100,14000US06001440100,Census Tract 4401,"Census Tract 4401, Alameda County, California",ca,140,0,ACSSF,2949,6,1,440100,2799,1223,82,7,950,28,317,192,1140,44,9,47,76,34,68,40,26,47,28,71,225,129,76,125,95
6001440200,14000US06001440200,Census Tract 4402,"Census Tract 4402, Alameda County, California",ca,140,0,ACSSF,2950,6,1,440200,6125,1311,410,16,1240,12,3017,119,1520,32,19,12,15,5,32,20,35,57,268,180,253,224,139,115,114
6001440301,14000US06001440301,Census Tract 4403.01,"Census Tract 4403.01, Alameda County, California",ca,140,0,ACSSF,2951,6,1,440301,7596,2201,418,12,2673,292,1578,422,2244,87,53,0,0,40,36,98,61,125,155,226,232,149,150,313,519
6001440304,14000US06001440304,Census Tract 4403.04,"Census Tract 4403.04, Alameda County, California",ca,140,0,ACSSF,2952,6,1,440304,5035,465,464,14,3278,200,203,411,1307,67,41,7,25,15,25,16,35,39,139,94,204,109,140,124,227
6001440305,14000US06001440305,Census Tract 4403.05,"Census Tract 4403.05, Alameda County, California",ca,140,0,ACSSF,2953,6,1,440305,4190,980,110,23,2262,167,402,246,1061,0,17,8,12,44,44,17,38,9,30,88,93,124,92,174,271
6001440306,14000US06001440306,Census Tract 4403.06,"Census Tract 4403.06, Alameda County, California",ca,140,0,ACSSF,2954,6,1,440306,4322,629,177,0,2987,43,187,299,1026,20,27,23,12,28,36,0,24,5,77,92,156,100,160,177,89
6001440307,14000US06001440307,Census Tract 4403.07,"Census Tract 4403.07, Alameda County, California",ca,140,0,ACSSF,2955,6,1,440307,4748,980,224,20,2547,28,693,256,1690,56,42,81,102,61,85,77,42,48,106,136,207,131,78,286,152
6001440308,14000US06001440308,Census Tract 4403.08,"Census Tract 4403.08, Alameda County, California",ca,140,0,ACSSF,2956,6,1,440308,6171,1477,215,115,3031,9,915,409,2006,103,35,20,47,48,44,57,29,31,89,145,218,255,206,288,391
6001440331,14000US06001440331,Census Tract 4403.31,"Census Tract 4403.31, Alameda County, California",ca,140,0,ACSSF,2957,6,1,440331,3276,711,55,5,1792,158,241,314,899,10,6,13,11,11,18,29,22,0,42,50,152,119,178,79,159
6001440332,14000US06001440332,Census Tract 4403.32,"Census Tract 4403.32, Alameda County, California",ca,140,0,ACSSF,2958,6,1,440332,3505,447,64,17,2633,16,145,183,918,12,6,5,7,0,7,0,13,4,4,24,57,69,106,228,376
6001440333,14000US06001440333,Census Tract 4403.33,"Census Tract 4403.33, Alameda County, California",ca,140,0,ACSSF,2959,6,1,440333,2982,535,66,3,2128,5,70,175,843,0,11,33,8,0,12,10,5,14,59,54,97,114,81,165,180
6001440334,14000US06001440334,Census Tract 4403.34,"Census Tract 4403.34, Alameda County, California",ca,140,0,ACSSF,2960,6,1,440334,4414,731,422,7,2505,27,526,196,1114,9,10,11,26,19,0,24,7,6,88,36,136,270,85,151,236
6001440335,14000US06001440335,Census Tract 4403.35,"Census Tract 4403.35, Alameda County, California",ca,140,0,ACSSF,2961,6,1,440335,7051,1366,243,28,4506,86,104,718,2365,0,20,16,18,24,39,0,49,16,38,46,424,181,169,502,823
6001440336,14000US06001440336,Census Tract 4403.36,"Census Tract 4403.36, Alameda County, California",ca,140,0,ACSSF,2962,6,1,440336,4437,979,387,78,2246,7,534,206,1434,22,39,10,10,10,0,39,29,57,46,181,234,178,111,235,233
6001441100,14000US06001441100,Census Tract 4411,"Census Tract 4411, Alameda County, California",ca,140,0,ACSSF,2963,6,1,441100,4625,2235,54,24,1284,8,593,427,1675,70,104,41,29,49,69,35,12,17,77,132,217,97,74,209,443
6001441200,14000US06001441200,Census Tract 4412,"Census Tract 4412, Alameda County, California",ca,140,0,ACSSF,2964,6,1,441200,7277,3064,340,22,2563,0,713,575,2518,61,63,31,12,31,30,13,26,64,323,227,290,145,165,561,476
6001441301,14000US06001441301,Census Tract 4413.01,"Census Tract 4413.01, Alameda County, California",ca,140,0,ACSSF,2965,6,1,441301,3301,725,215,27,2150,12,0,172,1158,24,28,12,0,14,10,16,9,57,0,91,102,159,130,142,364
6001441302,14000US06001441302,Census Tract 4413.02,"Census Tract 4413.02, Alameda County, California",ca,140,0,ACSSF,2966,6,1,441302,5937,1786,160,12,3104,52,492,331,1894,40,19,44,48,60,8,75,18,42,30,115,157,195,140,381,522
6001441401,14000US06001441401,Census Tract 4414.01,"Census Tract 4414.01, Alameda County, California",ca,140,0,ACSSF,2967,6,1,441401,8082,1810,123,25,4926,157,583,458,2385,24,0,0,54,104,87,35,35,102,35,98,229,265,325,365,627
6001441402,14000US06001441402,Census Tract 4414.02,"Census Tract 4414.02, Alameda County, California",ca,140,0,ACSSF,2968,6,1,441402,5407,983,166,15,3665,0,303,275,1727,11,30,7,31,40,10,18,11,33,75,67,192,108,215,338,541
6001441501,14000US06001441501,Census Tract 4415.01,"Census Tract 4415.01, Alameda County, California",ca,140,0,ACSSF,2969,6,1,441501,6546,969,156,19,4528,149,153,572,1825,29,7,9,48,10,20,10,28,8,46,62,129,157,154,508,600
6001441503,14000US06001441503,Census Tract 4415.03,"Census Tract 4415.03, Alameda County, California",ca,140,0,ACSSF,2970,6,1,441503,8013,783,158,69,6638,30,125,210,2394,55,8,0,31,28,23,35,16,14,58,71,146,307,273,340,989
6001441521,14000US06001441521,Census Tract 4415.21,"Census Tract 4415.21, Alameda County, California",ca,140,0,ACSSF,2971,6,1,441521,6175,1216,98,92,4335,73,111,250,1821,41,0,20,21,54,54,18,13,47,53,55,130,134,173,214,794
6001441522,14000US06001441522,Census Tract 4415.22,"Census Tract 4415.22, Alameda County, California",ca,140,0,ACSSF,2972,6,1,441522,5233,886,349,13,3425,27,421,112,1491,25,9,37,13,47,8,59,47,7,56,95,148,148,147,144,501
6001441523,14000US06001441523,Census Tract 4415.23,"Census Tract 4415.23, Alameda County, California",ca,140,0,ACSSF,2973,6,1,441523,4418,608,104,0,3327,95,173,111,1445,9,0,0,0,0,32,21,17,9,17,55,154,321,144,196,470
6001441524,14000US06001441524,Census Tract 4415.24,"Census Tract 4415.24, Alameda County, California",ca,140,0,ACSSF,2974,6,1,441524,4215,386,124,0,3605,0,16,84,1333,8,27,17,10,9,0,10,0,16,49,53,122,113,161,241,497
6001441601,14000US06001441601,Census Tract 4416.01,"Census Tract 4416.01, Alameda County, California",ca,140,0,ACSSF,2975,6,1,441601,4982,1672,450,16,1968,208,352,316,1468,20,17,51,27,15,16,17,23,37,103,117,103,151,173,269,329
6001441602,14000US06001441602,Census Tract 4416.02,"Census Tract 4416.02, Alameda County, California",ca,140,0,ACSSF,2976,6,1,441602,8113,2148,144,0,4275,410,791,345,2412,83,0,76,64,32,28,43,33,82,218,74,306,340,240,236,557
6001441700,14000US06001441700,Census Tract 4417,"Census Tract 4417, Alameda County, California",ca,140,0,ACSSF,2977,6,1,441700,8527,2778,353,82,3982,0,977,355,2955,64,165,73,175,16,17,24,7,34,186,255,308,319,284,634,394
6001441800,14000US06001441800,Census Tract 4418,"Census Tract 4418, Alameda County, California",ca,140,0,ACSSF,2978,6,1,441800,7543,2887,141,18,3765,0,543,189,2380,83,98,109,20,91,42,0,15,21,30,96,348,232,198,471,526
6001441921,14000US06001441921,Census Tract 4419.21,"Census Tract 4419.21, Alameda County, California",ca,140,0,ACSSF,2979,6,1,441921,3909,961,262,74,1623,0,641,348,1263,33,0,23,8,0,0,0,32,3,28,40,115,152,195,229,405
6001441923,14000US06001441923,Census Tract 4419.23,"Census Tract 4419.23, Alameda County, California",ca,140,0,ACSSF,2980,6,1,441923,6250,996,179,31,4225,0,426,393,2292,139,26,41,47,95,0,31,0,83,87,141,356,448,267,260,271
6001441924,14000US06001441924,Census Tract 4419.24,"Census Tract 4419.24, Alameda County, California",ca,140,0,ACSSF,2981,6,1,441924,7481,1468,219,32,4648,0,640,474,2658,25,13,14,28,15,14,36,119,67,68,107,189,386,326,474,777
6001441925,14000US06001441925,Census Tract 4419.25,"Census Tract 4419.25, Alameda County, California",ca,140,0,ACSSF,2982,6,1,441925,7291,1176,441,12,4984,0,448,230,3069,145,62,38,51,10,57,61,28,0,58,129,387,469,359,307,908
6001441926,14000US06001441926,Census Tract 4419.26,"Census Tract 4419.26, Alameda County, California",ca,140,0,ACSSF,2983,6,1,441926,4595,732,183,24,2254,55,1024,323,1511,62,34,0,0,9,63,16,63,16,68,108,319,172,180,240,161
6001441927,14000US06001441927,Census Tract 4419.27,"Census Tract 4419.27, Alameda County, California",ca,140,0,ACSSF,2984,6,1,441927,4492,687,146,19,2957,62,318,303,1788,39,52,20,66,41,37,31,45,7,46,73,301,284,193,229,324
6001442000,14000US06001442000,Census Tract 4420,"Census Tract 4420, Alameda County, California",ca,140,0,ACSSF,2985,6,1,442000,3419,785,3,18,2515,16,4,78,1021,11,0,0,12,9,0,5,18,0,77,56,46,91,79,180,437
6001442100,14000US06001442100,Census Tract 4421,"Census Tract 4421, Alameda County, California",ca,140,0,ACSSF,2986,6,1,442100,5462,770,93,29,4399,30,11,130,1630,27,8,17,8,26,17,0,17,16,15,60,78,157,153,261,770
6001442200,14000US06001442200,Census Tract 4422,"Census Tract 4422, Alameda County, California",ca,140,0,ACSSF,2987,6,1,442200,7473,1610,117,25,5257,69,179,216,2267,26,13,14,71,42,15,56,65,22,77,68,130,149,128,377,1014
6001442301,14000US06001442301,Census Tract 4423.01,"Census Tract 4423.01, Alameda County, California",ca,140,0,ACSSF,2988,6,1,442301,5496,1297,214,38,3012,41,598,296,1648,59,53,81,0,39,44,51,11,26,24,93,203,232,178,260,294
6001442302,14000US06001442302,Census Tract 4423.02,"Census Tract 4423.02, Alameda County, California",ca,140,0,ACSSF,2989,6,1,442302,6366,1283,319,23,3875,13,580,273,2368,92,138,92,129,48,88,90,11,52,204,228,267,170,156,272,331
6001442400,14000US06001442400,Census Tract 4424,"Census Tract 4424, Alameda County, California",ca,140,0,ACSSF,2990,6,1,442400,6822,1863,307,54,3340,0,1075,183,2018,29,16,61,67,26,11,41,9,16,66,112,239,286,203,395,441
6001442500,14000US06001442500,Census Tract 4425,"Census Tract 4425, Alameda County, California",ca,140,0,ACSSF,2991,6,1,442500,7374,1652,279,88,3543,130,907,775,2297,69,0,62,0,64,120,0,24,112,145,234,344,119,223,473,308
6001442601,14000US06001442601,Census Tract 4426.01,"Census Tract 4426.01, Alameda County, California",ca,140,0,ACSSF,2992,6,1,442601,4160,1710,16,8,1689,19,520,198,1316,66,0,0,0,50,48,48,0,37,84,57,106,72,73,346,329
6001442602,14000US06001442602,Census Tract 4426.02,"Census Tract 4426.02, Alameda County, California",ca,140,0,ACSSF,2993,6,1,442602,5059,2017,183,4,1564,0,1062,229,1641,26,42,37,44,8,71,53,38,8,87,69,199,241,110,246,362
6001442700,14000US06001442700,Census Tract 4427,"Census Tract 4427, Alameda County, California",ca,140,0,ACSSF,2994,6,1,442700,3048,1382,154,11,1200,0,115,186,1052,20,0,20,10,21,7,18,19,0,57,61,105,91,133,231,259
6001442800,14000US06001442800,Census Tract 4428,"Census Tract 4428, Alameda County, California",ca,140,0,ACSSF,2995,6,1,442800,2952,1100,43,4,1383,0,296,126,940,10,0,36,12,23,10,15,24,7,85,48,90,132,107,206,135
6001442900,14000US06001442900,Census Tract 4429,"Census Tract 4429, Alameda County, California",ca,140,0,ACSSF,2996,6,1,442900,7761,2364,295,106,3615,208,780,393,2287,52,70,32,28,42,40,15,0,17,144,160,251,194,238,485,519
6001443001,14000US06001443001,Census Tract 4430.01,"Census Tract 4430.01, Alameda County, California",ca,140,0,ACSSF,2997,6,1,443001,2891,789,142,15,886,133,688,238,836,13,12,14,8,7,0,10,7,19,53,17,121,161,86,210,98
6001443002,14000US06001443002,Census Tract 4430.02,"Census Tract 4430.02, Alameda County, California",ca,140,0,ACSSF,2998,6,1,443002,6930,1510,207,26,4032,9,867,279,2014,39,8,0,20,25,102,48,24,79,110,180,263,306,213,223,374
6001443102,14000US06001443102,Census Tract 4431.02,"Census Tract 4431.02, Alameda County, California",ca,140,0,ACSSF,2999,6,1,443102,5065,841,29,0,3871,25,57,242,1511,22,23,7,0,9,0,17,0,7,27,59,104,75,126,334,701
6001443103,14000US06001443103,Census Tract 4431.03,"Census Tract 4431.03, Alameda County, California",ca,140,0,ACSSF,3000,6,1,443103,4107,521,8,29,3357,0,23,169,1248,18,7,21,29,20,9,22,0,0,46,22,64,95,115,170,610
6001443104,14000US06001443104,Census Tract 4431.04,"Census Tract 4431.04, Alameda County, California",ca,140,0,ACSSF,3001,6,1,443104,5620,1046,19,0,4325,37,20,173,1789,59,30,12,0,31,12,38,16,12,4,130,91,158,183,296,717
6001443105,14000US06001443105,Census Tract 4431.05,"Census Tract 4431.05, Alameda County, California",ca,140,0,ACSSF,3002,6,1,443105,4785,680,74,0,3760,38,104,129,1539,52,16,0,33,23,11,32,24,0,119,28,47,117,96,271,670
6001443200,14000US06001443200,Census Tract 4432,"Census Tract 4432, Alameda County, California",ca,140,0,ACSSF,3003,6,1,443200,4053,745,0,14,3040,47,8,199,1225,17,15,0,39,8,37,0,56,38,12,74,43,68,36,133,649
6001443301,14000US06001443301,Census Tract 4433.01,"Census Tract 4433.01, Alameda County, California",ca,140,0,ACSSF,3004,6,1,443301,4355,1220,125,0,2604,12,165,229,1286,7,0,0,6,0,15,19,5,15,41,41,144,121,101,251,520
6001443321,14000US06001443321,Census Tract 4433.21,"Census Tract 4433.21, Alameda County, California",ca,140,0,ACSSF,3005,6,1,443321,3368,253,128,0,2677,20,162,128,1125,12,39,33,10,25,0,8,23,0,29,98,74,140,195,192,247
6001443322,14000US06001443322,Census Tract 4433.22,"Census Tract 4433.22, Alameda County, California",ca,140,0,ACSSF,3006,6,1,443322,3308,718,54,22,2317,22,31,144,992,31,10,9,6,0,5,6,5,0,16,43,59,66,154,145,437
6001444100,14000US06001444100,Census Tract 4441,"Census Tract 4441, Alameda County, California",ca,140,0,ACSSF,3007,6,1,444100,7556,3625,83,9,2074,23,1470,272,2573,101,78,91,0,72,78,13,24,71,137,158,243,271,238,418,580
6001444200,14000US06001444200,Census Tract 4442,"Census Tract 4442, Alameda County, California",ca,140,0,ACSSF,3008,6,1,444200,7112,2020,386,49,2494,82,1637,444,1887,104,0,8,30,21,18,75,27,7,89,147,149,250,225,443,294
6001444301,14000US06001444301,Census Tract 4443.01,"Census Tract 4443.01, Alameda County, California",ca,140,0,ACSSF,3009,6,1,444301,3973,1583,185,103,1121,0,659,322,1189,15,9,9,21,16,47,13,11,28,56,86,190,123,140,220,205
6001444302,14000US06001444302,Census Tract 4443.02,"Census Tract 4443.02, Alameda County, California",ca,140,0,ACSSF,3010,6,1,444302,5185,1036,236,56,1898,90,1722,147,1500,19,31,16,15,41,9,66,72,66,51,67,260,159,175,223,230
6001444400,14000US06001444400,Census Tract 4444,"Census Tract 4444, Alameda County, California",ca,140,0,ACSSF,3011,6,1,444400,5477,1113,270,40,1121,53,2342,538,1519,33,28,28,39,14,83,31,35,37,106,24,373,327,42,183,136
6001444500,14000US06001444500,Census Tract 4445,"Census Tract 4445, Alameda County, California",ca,140,0,ACSSF,3012,6,1,444500,7518,2132,307,46,1918,79,2544,492,2025,44,17,9,25,0,31,47,33,63,107,193,288,408,123,324,313
6001444601,14000US06001444601,Census Tract 4446.01,"Census Tract 4446.01, Alameda County, California",ca,140,0,ACSSF,3013,6,1,444601,5787,2408,105,5,2194,32,683,360,1779,37,8,0,52,9,50,0,9,0,109,52,211,256,215,268,503
6001444602,14000US06001444602,Census Tract 4446.02,"Census Tract 4446.02, Alameda County, California",ca,140,0,ACSSF,3014,6,1,444602,4563,1000,272,5,2846,65,72,303,1575,27,26,22,16,29,43,0,0,0,50,63,205,263,240,238,353
6001450101,14000US06001450101,Census Tract 4501.01,"Census Tract 4501.01, Alameda County, California",ca,140,0,ACSSF,3015,6,1,450101,5750,2119,264,22,2715,23,118,489,2168,43,23,20,47,5,24,30,18,24,52,132,246,211,300,436,557
6001450102,14000US06001450102,Census Tract 4501.02,"Census Tract 4501.02, Alameda County, California",ca,140,0,ACSSF,3016,6,1,450102,5664,1967,364,103,2359,10,303,558,1334,18,15,22,0,10,0,15,23,23,14,0,120,148,213,292,421
6001450200,14000US06001450200,Census Tract 4502,"Census Tract 4502, Alameda County, California",ca,140,0,ACSSF,3017,6,1,450200,5244,2631,194,0,2014,24,17,364,2155,57,72,0,71,67,13,11,21,52,90,86,304,247,342,335,387
6001450300,14000US06001450300,Census Tract 4503,"Census Tract 4503, Alameda County, California",ca,140,0,ACSSF,3018,6,1,450300,5212,3408,220,6,1236,0,114,228,1811,22,0,20,19,90,18,33,31,86,60,120,207,264,242,248,351
6001450400,14000US06001450400,Census Tract 4504,"Census Tract 4504, Alameda County, California",ca,140,0,ACSSF,3019,6,1,450400,7286,4140,243,83,2083,54,202,481,2461,34,13,65,48,86,20,78,88,28,75,117,240,455,358,278,478
6001450501,14000US06001450501,Census Tract 4505.01,"Census Tract 4505.01, Alameda County, California",ca,140,0,ACSSF,3020,6,1,450501,3156,1969,0,31,818,0,44,294,1200,0,30,9,0,5,35,25,28,0,43,73,147,124,190,188,303
6001450502,14000US06001450502,Census Tract 4505.02,"Census Tract 4505.02, Alameda County, California",ca,140,0,ACSSF,3021,6,1,450502,5490,2831,81,52,2225,26,74,201,1823,30,0,26,21,0,18,11,39,28,26,71,171,52,176,342,812
6001450601,14000US06001450601,Census Tract 4506.01,"Census Tract 4506.01, Alameda County, California",ca,140,0,ACSSF,3022,6,1,450601,3641,2055,61,19,1314,0,11,181,1370,33,10,2,19,20,17,0,6,14,44,31,121,162,163,204,524
6001450602,14000US06001450602,Census Tract 4506.02,"Census Tract 4506.02, Alameda County, California",ca,140,0,ACSSF,3023,6,1,450602,10265,5821,291,10,3476,74,18,575,3538,90,53,39,34,0,0,28,84,43,62,222,297,292,377,584,1333
6001450603,14000US06001450603,Census Tract 4506.03,"Census Tract 4506.03, Alameda County, California",ca,140,0,ACSSF,3024,6,1,450603,5155,3212,71,19,1513,0,182,158,1671,10,58,43,0,25,0,18,0,34,52,18,156,137,179,403,538
6001450604,14000US06001450604,Census Tract 4506.04,"Census Tract 4506.04, Alameda County, California",ca,140,0,ACSSF,3025,6,1,450604,5505,3497,46,0,1523,0,161,278,1848,21,22,25,40,37,58,0,8,36,39,38,179,217,128,299,701
6001450605,14000US06001450605,Census Tract 4506.05,"Census Tract 4506.05, Alameda County, California",ca,140,0,ACSSF,3026,6,1,450605,3893,2667,36,16,935,75,36,128,1508,35,11,31,47,28,34,34,0,0,21,72,141,86,122,344,502
6001450606,14000US06001450606,Census Tract 4506.06,"Census Tract 4506.06, Alameda County, California",ca,140,0,ACSSF,3027,6,1,450606,6254,4013,40,41,1760,0,45,355,2103,20,6,20,26,20,8,26,7,28,17,90,171,198,147,341,978
6001450607,14000US06001450607,Census Tract 4506.07,"Census Tract 4506.07, Alameda County, California",ca,140,0,ACSSF,3028,6,1,450607,5717,3523,127,0,1586,0,253,228,2445,75,183,127,184,60,77,23,60,0,35,129,223,225,114,305,625
6001450701,14000US06001450701,Census Tract 4507.01,"Census Tract 4507.01, Alameda County, California",ca,140,0,ACSSF,3029,6,1,450701,8596,5128,178,10,2769,0,23,488,2785,13,43,0,0,18,3,16,30,10,165,112,257,113,128,290,1587
6001450741,14000US06001450741,Census Tract 4507.41,"Census Tract 4507.41, Alameda County, California",ca,140,0,ACSSF,3030,6,1,450741,5852,3790,159,40,1128,0,355,380,2050,34,47,24,84,10,103,11,80,43,48,127,128,200,230,278,603
6001450742,14000US06001450742,Census Tract 4507.42,"Census Tract 4507.42, Alameda County, California",ca,140,0,ACSSF,3031,6,1,450742,5436,3480,32,0,1393,0,230,301,1974,10,36,39,82,26,45,39,68,49,51,55,192,123,96,306,757
6001450743,14000US06001450743,Census Tract 4507.43,"Census Tract 4507.43, Alameda County, California",ca,140,0,ACSSF,3032,6,1,450743,6684,1559,357,44,4066,127,83,448,2492,46,51,38,38,54,27,28,17,57,43,92,422,268,352,500,459
6001450744,14000US06001450744,Census Tract 4507.44,"Census Tract 4507.44, Alameda County, California",ca,140,0,ACSSF,3033,6,1,450744,6273,3807,79,52,1964,72,60,239,2156,126,11,16,0,27,29,47,15,9,94,135,116,191,210,370,760
6001450745,14000US06001450745,Census Tract 4507.45,"Census Tract 4507.45, Alameda County, California",ca,140,0,ACSSF,3034,6,1,450745,6712,2255,26,19,3899,37,240,236,2321,94,15,51,0,43,58,64,35,0,72,58,198,182,51,305,1095
6001450746,14000US06001450746,Census Tract 4507.46,"Census Tract 4507.46, Alameda County, California",ca,140,0,ACSSF,3035,6,1,450746,3525,2395,11,0,942,0,35,142,1423,51,22,10,53,33,11,114,18,0,50,173,99,100,65,284,340
6001450750,14000US06001450750,Census Tract 4507.50,"Census Tract 4507.50, Alameda County, California",ca,140,0,ACSSF,3036,6,1,450750,5630,1652,415,0,3069,17,143,334,2288,59,37,24,13,22,23,95,70,55,106,121,219,319,224,313,588
6001450751,14000US06001450751,Census Tract 4507.51,"Census Tract 4507.51, Alameda County, California",ca,140,0,ACSSF,3037,6,1,450751,11119,1578,139,5,9015,26,57,299,3135,11,38,9,46,13,9,0,24,21,49,70,81,147,227,508,1882
6001450752,14000US06001450752,Census Tract 4507.52,"Census Tract 4507.52, Alameda County, California",ca,140,0,ACSSF,3038,6,1,450752,7343,1901,357,6,4575,69,111,324,2091,98,6,0,9,0,8,0,0,0,0,29,78,151,164,333,1215
6001451101,14000US06001451101,Census Tract 4511.01,"Census Tract 4511.01, Alameda County, California",ca,140,0,ACSSF,3039,6,1,451101,8692,6203,147,1,1465,138,368,370,2630,58,14,0,9,11,24,52,44,55,68,160,205,167,141,549,1073
6001451102,14000US06001451102,Census Tract 4511.02,"Census Tract 4511.02, Alameda County, California",ca,140,0,ACSSF,3040,6,1,451102,4003,3368,13,43,314,0,56,209,1359,22,14,0,0,0,9,21,0,18,25,71,89,126,115,241,608
6001451201,14000US06001451201,Census Tract 4512.01,"Census Tract 4512.01, Alameda County, California",ca,140,0,ACSSF,3041,6,1,451201,7695,5511,97,76,1151,0,241,619,2831,120,66,36,17,71,93,95,45,105,145,184,551,322,282,211,488
6001451202,14000US06001451202,Census Tract 4512.02,"Census Tract 4512.02, Alameda County, California",ca,140,0,ACSSF,3042,6,1,451202,5188,3674,41,15,808,20,182,448,1825,21,0,23,32,0,41,13,13,0,56,86,175,290,265,458,352
6001451300,14000US06001451300,Census Tract 4513,"Census Tract 4513, Alameda County, California",ca,140,0,ACSSF,3043,6,1,451300,6903,5189,95,12,644,18,277,668,2369,50,23,21,82,62,101,58,34,35,84,111,287,277,123,548,473
6001451401,14000US06001451401,Census Tract 4514.01,"Census Tract 4514.01, Alameda County, California",ca,140,0,ACSSF,3044,6,1,451401,6191,4367,337,20,890,0,245,332,2442,44,15,23,124,48,20,61,48,0,366,11,357,365,59,321,580
6001451403,14000US06001451403,Census Tract 4514.03,"Census Tract 4514.03, Alameda County, California",ca,140,0,ACSSF,3045,6,1,451403,2308,1758,36,0,206,0,147,161,783,23,13,0,11,32,24,7,6,0,17,89,95,83,70,102,211
6001451404,14000US06001451404,Census Tract 4514.04,"Census Tract 4514.04, Alameda County, California",ca,140,0,ACSSF,3046,6,1,451404,7094,4996,320,39,490,0,571,678,2222,29,41,22,13,81,42,63,137,35,280,181,412,398,85,282,121
6001451501,14000US06001451501,Census Tract 4515.01,"Census Tract 4515.01, Alameda County, California",ca,140,0,ACSSF,3047,6,1,451501,4693,3622,42,5,401,51,245,327,1733,58,87,78,63,33,20,41,0,10,54,127,112,117,208,278,447
6001451503,14000US06001451503,Census Tract 4515.03,"Census Tract 4515.03, Alameda County, California",ca,140,0,ACSSF,3048,6,1,451503,6182,4670,113,26,839,29,72,433,2244,74,16,41,80,0,15,104,12,46,167,57,155,155,310,554,458
6001451504,14000US06001451504,Census Tract 4515.04,"Census Tract 4515.04, Alameda County, California",ca,140,0,ACSSF,3049,6,1,451504,1709,1135,17,0,409,0,122,26,626,5,12,16,18,0,42,14,11,6,39,38,41,78,76,102,128
6001451505,14000US06001451505,Census Tract 4515.05,"Census Tract 4515.05, Alameda County, California",ca,140,0,ACSSF,3050,6,1,451505,3418,3012,33,21,263,0,0,89,1193,0,0,0,20,28,9,0,0,13,9,9,164,121,124,233,463
6001451506,14000US06001451506,Census Tract 4515.06,"Census Tract 4515.06, Alameda County, California",ca,140,0,ACSSF,3051,6,1,451506,3385,2514,200,0,243,82,240,106,1104,32,11,0,12,60,10,40,22,107,52,70,109,136,143,201,99
6001451601,14000US06001451601,Census Tract 4516.01,"Census Tract 4516.01, Alameda County, California",ca,140,0,ACSSF,3052,6,1,451601,5362,4587,9,0,481,24,146,115,1983,34,58,45,22,0,25,9,33,39,75,111,89,222,183,255,783
6001451602,14000US06001451602,Census Tract 4516.02,"Census Tract 4516.02, Alameda County, California",ca,140,0,ACSSF,3053,6,1,451602,6809,5646,136,10,447,19,148,403,2759,22,14,118,46,104,64,93,95,116,201,253,331,228,178,335,561
6001451701,14000US06001451701,Census Tract 4517.01,"Census Tract 4517.01, Alameda County, California",ca,140,0,ACSSF,3054,6,1,451701,3112,2619,34,5,172,28,22,232,1109,32,0,64,16,20,20,55,0,17,21,72,102,135,80,255,220
6001451703,14000US06001451703,Census Tract 4517.03,"Census Tract 4517.03, Alameda County, California",ca,140,0,ACSSF,3055,6,1,451703,4080,2956,0,13,692,0,74,345,1393,27,8,0,28,9,0,12,11,40,32,102,89,168,120,287,460
6001451704,14000US06001451704,Census Tract 4517.04,"Census Tract 4517.04, Alameda County, California",ca,140,0,ACSSF,3056,6,1,451704,4519,3806,17,21,375,60,28,212,1659,42,11,22,26,18,60,12,42,98,98,66,192,115,189,278,390
6001981900,14000US06001981900,Census Tract 9819,"Census Tract 9819, Alameda County, California",ca,140,0,ACSSF,3057,6,1,981900,58,58,0,0,0,0,0,0,27,0,0,0,0,0,0,0,0,0,0,0,0,7,0,8,12
6001982000,14000US06001982000,Census Tract 9820,"Census Tract 9820, Alameda County, California",ca,140,0,ACSSF,3058,6,1,982000,63,14,23,2,20,0,0,4,32,0,0,0,0,0,0,6,0,0,4,0,0,4,6,4,8
6001983200,14000US06001983200,Census Tract 9832,"Census Tract 9832, Alameda County, California",ca,140,0,ACSSF,3059,6,1,983200,583,341,53,9,138,3,19,20,340,4,4,0,3,0,0,0,8,0,14,9,44,16,20,89,129
6001990000,14000US06001990000,Census Tract 9900,"Census Tract 9900, Alameda County, California",ca,140,0,ACSSF,3060,6,1,990000,0,0,0,0,0,0,0,0,0,0,0,0,0,0,0,0,0,0,0,0,0,0,0,0,0
